date,day_of_week,time_of_day,rides_count,gmv,avg_fare,avg_dist
2024-01-01,Monday,1_morning,36,12471.07,356.3162857142857,5.999142857142857
2024-01-01,Monday,2_daytime,34,11753.65,367.3015625,6.2234375
2024-01-01,Monday,3_evening,49,17954.05,374.04270833333334,6.488125
2024-01-01,Monday,4_night,13,4650.2,357.7076923076923,6.044615384615384
2024-01-02,Tuesday,1_morning,41,12649.35,324.3423076923077,5.328205128205129
2024-01-02,Tuesday,2_daytime,27,9063.89,335.6996296296296,5.450740740740741
2024-01-02,Tuesday,3_evening,40,10923.0,273.075,3.9857500000000003
2024-01-02,Tuesday,4_night,13,4311.64,359.30333333333334,6.043333333333333
2024-01-03,Wednesday,1_morning,37,13206.17,388.4167647058824,6.743823529411764
2024-01-03,Wednesday,2_daytime,30,10469.76,348.992,5.782
2024-01-03,Wednesday,3_evening,57,17928.83,332.0153703703704,5.407592592592592
2024-01-03,Wednesday,4_night,10,2820.4,282.04,4.197
2024-01-04,Thursday,1_morning,39,14344.72,377.49263157894734,6.480789473684211
2024-01-04,Thursday,2_daytime,39,15160.83,388.73923076923074,6.734358974358974
2024-01-04,Thursday,3_evening,40,13655.36,350.1374358974359,5.9592307692307696
2024-01-04,Thursday,4_night,13,5012.65,385.5884615384615,6.6230769230769235
2024-01-05,Friday,1_morning,42,14899.22,354.74333333333334,5.960238095238095
2024-01-05,Friday,2_daytime,32,11208.65,350.2703125,5.8996875
2024-01-05,Friday,3_evening,42,15181.83,389.2776923076923,6.752564102564103
2024-01-05,Friday,4_night,19,6520.66,362.25888888888886,6.191666666666666
2024-01-06,Saturday,1_morning,37,14077.97,391.0547222222222,6.788333333333333
2024-01-06,Saturday,2_daytime,31,8691.17,289.7056666666667,4.4590000000000005
2024-01-06,Saturday,3_evening,41,15131.57,398.19921052631577,6.893421052631578
2024-01-06,Saturday,4_night,13,4321.360000000001,332.41230769230776,5.435384615384615
2024-01-07,Sunday,1_morning,55,21047.57,382.6830909090909,6.519454545454545
2024-01-07,Sunday,2_daytime,28,10090.04,360.35857142857145,6.0725
2024-01-07,Sunday,3_evening,54,17835.43,336.51754716981134,5.55943396226415
2024-01-07,Sunday,4_night,13,4761.0,396.75,6.809166666666667
2024-01-08,Monday,1_morning,32,9959.77,355.7060714285714,6.017142857142857
2024-01-08,Monday,2_daytime,31,9047.16,291.8438709677419,4.410322580645161
2024-01-08,Monday,3_evening,37,12526.06,347.9461111111111,5.762222222222222
2024-01-08,Monday,4_night,14,5049.2699999999995,360.66214285714284,6.091428571428572
2024-01-09,Tuesday,1_morning,38,12958.9,350.2405405405405,5.841621621621622
2024-01-09,Tuesday,2_daytime,25,9780.67,407.52791666666667,7.10625
2024-01-09,Tuesday,3_evening,32,11957.38,398.5793333333333,7.080333333333333
2024-01-09,Tuesday,4_night,14,4987.54,356.2528571428571,5.933571428571429
2024-01-10,Wednesday,1_morning,44,13966.37,317.4175,5.08840909090909
2024-01-10,Wednesday,2_daytime,41,15140.28,369.27512195121955,6.247560975609756
2024-01-10,Wednesday,3_evening,35,14136.880000000001,415.79058823529414,7.321470588235294
2024-01-10,Wednesday,4_night,11,3473.2599999999998,315.7509090909091,5.087272727272727
2024-01-11,Thursday,1_morning,29,10085.35,360.19107142857143,6.148571428571429
2024-01-11,Thursday,2_daytime,30,9700.89,323.363,5.2620000000000005
2024-01-11,Thursday,3_evening,54,20051.36,385.6030769230769,6.679423076923077
2024-01-11,Thursday,4_night,6,2345.5,390.9166666666667,6.766666666666666
2024-01-12,Friday,1_morning,39,14016.65,368.8592105263158,6.345263157894737
2024-01-12,Friday,2_daytime,40,10069.06,272.13675675675677,4.101891891891892
2024-01-12,Friday,3_evening,53,17366.54,327.67056603773585,5.337924528301888
2024-01-12,Friday,4_night,11,4583.93,416.7209090909091,7.391818181818182
2024-01-13,Saturday,1_morning,34,9903.52,291.28000000000003,4.476470588235294
2024-01-13,Saturday,2_daytime,39,12432.49,336.0132432432432,5.513783783783784
2024-01-13,Saturday,3_evening,54,17032.52,321.36830188679244,5.155094339622641
2024-01-13,Saturday,4_night,11,3485.2799999999997,316.84363636363634,5.012727272727273
2024-01-14,Sunday,1_morning,42,13810.04,336.83024390243907,5.621707317073171
2024-01-14,Sunday,2_daytime,27,10132.1,389.69615384615383,6.790384615384616
2024-01-14,Sunday,3_evening,54,22344.09,421.5866037735849,7.524150943396226
2024-01-14,Sunday,4_night,7,1439.1,205.58571428571426,2.4085714285714284
2024-01-15,Monday,1_morning,41,14610.29,356.3485365853659,6.092439024390243
2024-01-15,Monday,2_daytime,41,16237.67,405.94175,7.1267499999999995
2024-01-15,Monday,3_evening,52,17586.61,351.73220000000003,5.9538
2024-01-15,Monday,4_night,15,4506.08,300.4053333333333,4.691999999999999
2024-01-16,Tuesday,1_morning,31,9741.04,314.22709677419357,5.0125806451612895
2024-01-16,Tuesday,2_daytime,37,13589.12,377.47555555555556,6.455277777777777
2024-01-16,Tuesday,3_evening,58,19726.78,365.3107407407407,6.232222222222223
2024-01-16,Tuesday,4_night,16,6146.21,409.74733333333336,7.462
2024-01-17,Wednesday,1_morning,51,19454.77,397.0361224489796,7.030612244897959
2024-01-17,Wednesday,2_daytime,26,8648.06,345.9224,5.7176
2024-01-17,Wednesday,3_evening,41,16223.41,405.58525,7.1265
2024-01-17,Wednesday,4_night,16,6047.88,403.192,7.257333333333333
2024-01-18,Thursday,1_morning,29,9133.56,326.1985714285714,5.2875000000000005
2024-01-18,Thursday,2_daytime,41,12490.96,312.274,4.977
2024-01-18,Thursday,3_evening,52,17392.51,354.94918367346935,6.0128571428571425
2024-01-18,Thursday,4_night,11,3356.3900000000003,305.1263636363637,4.876363636363636
2024-01-19,Friday,1_morning,42,13365.13,325.97878048780484,5.254146341463414
2024-01-19,Friday,2_daytime,39,11234.28,303.6291891891892,4.81
2024-01-19,Friday,3_evening,47,16428.59,349.54446808510636,5.863829787234043
2024-01-19,Friday,4_night,8,3202.39,400.29875,7.24875
2024-01-20,Saturday,1_morning,38,14520.24,382.1115789473684,6.555526315789474
2024-01-20,Saturday,2_daytime,34,12680.22,384.2490909090909,6.6054545454545455
2024-01-20,Saturday,3_evening,47,15547.1,345.49111111111114,5.692666666666667
2024-01-20,Saturday,4_night,10,4382.93,438.293,8.059000000000001
2024-01-21,Sunday,1_morning,41,14750.13,359.7592682926829,6.203170731707317
2024-01-21,Sunday,2_daytime,38,14076.1,380.43513513513517,6.563513513513513
2024-01-21,Sunday,3_evening,56,18947.6,338.34999999999997,5.584821428571429
2024-01-21,Sunday,4_night,10,3287.23,328.723,5.271
2024-01-22,Monday,1_morning,39,11750.130000000001,309.2139473684211,4.917894736842105
2024-01-22,Monday,2_daytime,29,7718.05,275.64464285714286,4.114642857142857
2024-01-22,Monday,3_evening,44,16795.34,381.7122727272727,6.6238636363636365
2024-01-22,Monday,4_night,16,6205.24,387.8275,6.79875
2024-01-23,Tuesday,1_morning,41,14278.24,375.74315789473684,6.627631578947368
2024-01-23,Tuesday,2_daytime,30,10537.89,363.37551724137927,6.203103448275861
2024-01-23,Tuesday,3_evening,51,15387.09,320.564375,5.118958333333333
2024-01-23,Tuesday,4_night,13,4210.95,323.91923076923075,5.185384615384615
2024-01-24,Wednesday,1_morning,45,15482.94,344.06533333333334,5.796666666666667
2024-01-24,Wednesday,2_daytime,34,11031.19,324.44676470588234,5.2614705882352935
2024-01-24,Wednesday,3_evening,53,16948.39,332.3213725490196,5.513333333333334
2024-01-24,Wednesday,4_night,13,5683.51,437.19307692307694,7.9692307692307685
2024-01-25,Thursday,1_morning,35,12464.66,356.13314285714284,5.970857142857143
2024-01-25,Thursday,2_daytime,20,6439.04,338.89684210526315,5.535263157894737
2024-01-25,Thursday,3_evening,44,14362.61,350.30756097560976,5.87390243902439
2024-01-25,Thursday,4_night,10,3775.57,377.557,6.519
2024-01-26,Friday,1_morning,34,13318.15,391.71029411764704,6.8161764705882355
2024-01-26,Friday,2_daytime,39,15169.84,388.9702564102564,6.844615384615385
2024-01-26,Friday,3_evening,50,18625.58,380.11387755102044,6.644081632653061
2024-01-26,Friday,4_night,11,3419.7200000000003,310.8836363636364,4.876363636363636
2024-01-27,Saturday,1_morning,44,15969.39,371.38116279069766,6.300930232558139
2024-01-27,Saturday,2_daytime,39,11290.3,313.6194444444444,4.984722222222222
2024-01-27,Saturday,3_evening,46,15665.08,364.30418604651163,6.194651162790698
2024-01-27,Saturday,4_night,9,3287.34,365.26,6.2555555555555555
2024-01-28,Sunday,1_morning,38,10394.44,305.7188235294118,4.852647058823529
2024-01-28,Sunday,2_daytime,38,13687.6,380.2111111111111,6.515
2024-01-28,Sunday,3_evening,40,13846.54,355.0394871794872,5.93974358974359
2024-01-28,Sunday,4_night,6,2474.59,412.4316666666667,7.448333333333334
2024-01-29,Monday,1_morning,33,10786.09,337.0653125,5.5040625
2024-01-29,Monday,2_daytime,35,10898.53,330.25848484848484,5.445757575757576
2024-01-29,Monday,3_evening,38,11641.74,314.6416216216216,5.004054054054055
2024-01-29,Monday,4_night,12,4944.18,412.01500000000004,7.536666666666666
2024-01-30,Tuesday,1_morning,38,12653.04,332.9747368421053,5.429473684210526
2024-01-30,Tuesday,2_daytime,36,11687.6,333.93142857142857,5.5048571428571424
2024-01-30,Tuesday,3_evening,60,20541.75,354.1681034482759,5.861206896551724
2024-01-30,Tuesday,4_night,19,6330.900000000001,372.4058823529412,6.3999999999999995
2024-01-31,Wednesday,1_morning,40,12362.11,325.3186842105263,5.3042105263157895
2024-01-31,Wednesday,2_daytime,25,9339.76,373.5904,6.3216
2024-01-31,Wednesday,3_evening,56,18480.39,342.2294444444444,5.752777777777777
2024-01-31,Wednesday,4_night,6,2073.74,345.6233333333333,5.631666666666667
2024-02-01,Thursday,1_morning,41,15676.97,382.3651219512195,6.627317073170732
2024-02-01,Thursday,2_daytime,35,12659.48,372.3376470588235,6.432941176470588
2024-02-01,Thursday,3_evening,61,22957.58,389.11152542372884,6.797627118644068
2024-02-01,Thursday,4_night,11,3359.23,335.923,5.367
2024-02-02,Friday,1_morning,44,15887.05,369.46627906976744,6.335813953488372
2024-02-02,Friday,2_daytime,30,10541.470000000001,363.4989655172414,6.171724137931034
2024-02-02,Friday,3_evening,60,24310.51,405.17516666666666,7.241
2024-02-02,Friday,4_night,8,2327.64,332.52,5.4628571428571435
2024-02-03,Saturday,1_morning,39,14381.300000000001,368.7512820512821,6.311282051282052
2024-02-03,Saturday,2_daytime,35,12154.31,357.4797058823529,5.967941176470588
2024-02-03,Saturday,3_evening,47,15575.93,338.6071739130435,5.633913043478262
2024-02-03,Saturday,4_night,6,1685.12,280.8533333333333,4.081666666666667
2024-02-04,Sunday,1_morning,42,13314.75,324.75,5.263170731707317
2024-02-04,Sunday,2_daytime,31,9585.88,319.5293333333333,5.126
2024-02-04,Sunday,3_evening,50,14857.2,316.11063829787236,5.094468085106383
2024-02-04,Sunday,4_night,13,4359.32,363.27666666666664,6.170833333333333
2024-02-05,Monday,1_morning,26,10168.55,391.0980769230769,6.79
2024-02-05,Monday,2_daytime,35,11792.21,336.9202857142857,5.634857142857143
2024-02-05,Monday,3_evening,44,14987.68,340.6290909090909,5.658636363636363
2024-02-05,Monday,4_night,10,3899.62,389.962,6.7989999999999995
2024-02-06,Tuesday,1_morning,50,17419.67,362.90979166666665,6.091666666666666
2024-02-06,Tuesday,2_daytime,32,10855.79,361.85966666666667,6.105
2024-02-06,Tuesday,3_evening,54,17177.19,330.3305769230769,5.355384615384616
2024-02-06,Tuesday,4_night,16,4556.79,284.799375,4.318125
2024-02-07,Wednesday,1_morning,39,13424.869999999999,362.8343243243243,6.139459459459459
2024-02-07,Wednesday,2_daytime,37,12607.039999999999,340.7308108108108,5.791351351351351
2024-02-07,Wednesday,3_evening,43,16075.65,373.85232558139535,6.369767441860464
2024-02-07,Wednesday,4_night,9,2735.07,303.8966666666667,4.765555555555555
2024-02-08,Thursday,1_morning,38,13836.38,373.9562162162162,6.365135135135135
2024-02-08,Thursday,2_daytime,27,11828.78,438.102962962963,7.912592592592593
2024-02-08,Thursday,3_evening,47,15685.76,356.49454545454546,5.9804545454545455
2024-02-08,Thursday,4_night,11,3964.4700000000003,360.40636363636366,6.033636363636364
2024-02-09,Friday,1_morning,36,12969.3,370.5514285714286,6.342
2024-02-09,Friday,2_daytime,32,12775.62,425.85400000000004,7.691333333333334
2024-02-09,Friday,3_evening,44,16343.8,389.1380952380952,6.822857142857143
2024-02-09,Friday,4_night,10,2725.6,302.84444444444443,4.814444444444444
2024-02-10,Saturday,1_morning,52,16230.0,324.6,5.2425999999999995
2024-02-10,Saturday,2_daytime,32,12676.3,396.134375,6.9696875
2024-02-10,Saturday,3_evening,48,17922.92,373.39416666666665,6.475208333333334
2024-02-10,Saturday,4_night,12,3483.56,290.2966666666667,4.5225
2024-02-11,Sunday,1_morning,47,18199.81,395.6480434782609,6.84608695652174
2024-02-11,Sunday,2_daytime,35,9883.21,290.6826470588235,4.409117647058824
2024-02-11,Sunday,3_evening,52,15092.89,301.8578,4.6838
2024-02-11,Sunday,4_night,10,3573.96,357.396,6.148000000000001
2024-02-12,Monday,1_morning,39,16360.32,454.4533333333333,8.265833333333333
2024-02-12,Monday,2_daytime,37,11697.08,334.2022857142857,5.551142857142857
2024-02-12,Monday,3_evening,47,15054.87,327.27978260869565,5.275
2024-02-12,Monday,4_night,13,5311.14,442.595,8.17
2024-02-13,Tuesday,1_morning,39,13048.66,372.81885714285715,6.417714285714286
2024-02-13,Tuesday,2_daytime,26,8930.210000000001,357.20840000000004,6.0176
2024-02-13,Tuesday,3_evening,57,20825.1,365.35263157894735,6.259298245614034
2024-02-13,Tuesday,4_night,14,5461.700000000001,420.13076923076926,7.679230769230769
2024-02-14,Wednesday,1_morning,36,11363.630000000001,355.11343750000003,5.9475
2024-02-14,Wednesday,2_daytime,21,7423.58,353.50380952380954,5.889047619047619
2024-02-14,Wednesday,3_evening,68,24545.93,377.6296923076923,6.540615384615385
2024-02-14,Wednesday,4_night,15,5695.63,379.70866666666666,6.692666666666667
2024-02-15,Thursday,1_morning,33,10774.23,336.6946875,5.551875
2024-02-15,Thursday,2_daytime,30,10371.99,357.65482758620686,6.133448275862069
2024-02-15,Thursday,3_evening,44,14061.42,334.79571428571427,5.477857142857142
2024-02-15,Thursday,4_night,9,2829.9900000000002,314.4433333333334,5.0088888888888885
2024-02-16,Friday,1_morning,28,9311.3,358.12692307692305,6.162692307692307
2024-02-16,Friday,2_daytime,26,9605.880000000001,369.4569230769231,6.37
2024-02-16,Friday,3_evening,48,15502.18,337.0039130434783,5.508260869565217
2024-02-16,Friday,4_night,19,6913.2,384.06666666666666,6.5761111111111115
2024-02-17,Saturday,1_morning,30,9738.4,347.8,5.811428571428571
2024-02-17,Saturday,2_daytime,29,12168.61,419.6072413793104,7.505172413793104
2024-02-17,Saturday,3_evening,44,15137.23,344.0279545454545,5.725227272727273
2024-02-17,Saturday,4_night,9,2330.26,291.2825,4.3775
2024-02-18,Sunday,1_morning,31,10923.22,364.1073333333333,6.192333333333334
2024-02-18,Sunday,2_daytime,40,11540.26,303.69105263157894,4.757631578947368
2024-02-18,Sunday,3_evening,62,22772.41,373.3181967213115,6.405901639344262
2024-02-18,Sunday,4_night,10,3253.7200000000003,325.372,5.229
2024-02-19,Monday,1_morning,38,14590.65,405.29583333333335,7.176666666666667
2024-02-19,Monday,2_daytime,29,10330.51,356.2244827586207,6.0103448275862075
2024-02-19,Monday,3_evening,47,16871.85,366.7793478260869,6.2484782608695655
2024-02-19,Monday,4_night,12,3936.61,328.05083333333334,5.474166666666666
2024-02-20,Tuesday,1_morning,34,10838.77,328.44757575757575,5.441212121212121
2024-02-20,Tuesday,2_daytime,30,13206.84,455.408275862069,8.271379310344829
2024-02-20,Tuesday,3_evening,48,15356.39,319.92479166666664,5.208958333333333
2024-02-20,Tuesday,4_night,9,2977.87,330.8744444444444,5.216666666666667
2024-02-21,Wednesday,1_morning,43,14165.44,345.49853658536585,5.753658536585366
2024-02-21,Wednesday,2_daytime,32,10489.04,327.7825,5.3296875
2024-02-21,Wednesday,3_evening,48,15825.06,329.68874999999997,5.3914583333333335
2024-02-21,Wednesday,4_night,6,2448.32,408.05333333333334,7.4433333333333325
2024-02-22,Thursday,1_morning,41,11973.45,299.33625,4.66925
2024-02-22,Thursday,2_daytime,32,11722.32,366.3225,6.2328125
2024-02-22,Thursday,3_evening,49,16566.37,345.1327083333333,5.707291666666666
2024-02-22,Thursday,4_night,15,5529.31,368.6206666666667,6.252666666666667
2024-02-23,Friday,1_morning,37,11623.84,322.88444444444445,5.133611111111112
2024-02-23,Friday,2_daytime,23,7047.95,306.43260869565216,4.93
2024-02-23,Friday,3_evening,45,13743.05,335.1963414634146,5.546341463414635
2024-02-23,Friday,4_night,12,3480.3900000000003,290.0325,4.505833333333333
2024-02-24,Saturday,1_morning,37,11703.460000000001,316.3097297297298,5.157297297297297
2024-02-24,Saturday,2_daytime,34,11085.16,326.0341176470588,5.223235294117647
2024-02-24,Saturday,3_evening,50,16035.95,320.719,5.1496
2024-02-24,Saturday,4_night,8,2607.83,325.97875,5.33125
2024-02-25,Sunday,1_morning,36,10370.12,305.0035294117647,4.787941176470588
2024-02-25,Sunday,2_daytime,36,12325.960000000001,352.17028571428574,5.936857142857143
2024-02-25,Sunday,3_evening,51,16989.0,361.468085106383,6.1836170212765955
2024-02-25,Sunday,4_night,15,4181.82,298.70142857142855,4.718571428571429
2024-02-26,Monday,1_morning,43,17420.59,424.8924390243902,7.683414634146341
2024-02-26,Monday,2_daytime,28,10345.630000000001,397.9088461538462,7.0661538461538465
2024-02-26,Monday,3_evening,34,11789.5,346.75,5.847647058823529
2024-02-26,Monday,4_night,13,3871.95,351.99545454545455,5.846363636363637
2024-02-27,Tuesday,1_morning,39,11831.74,328.65944444444443,5.4075
2024-02-27,Tuesday,2_daytime,33,14005.26,424.4018181818182,7.658181818181818
2024-02-27,Tuesday,3_evening,45,15959.86,362.72409090909093,6.1431818181818185
2024-02-27,Tuesday,4_night,14,4632.25,330.875,5.401428571428572
2024-02-28,Wednesday,1_morning,43,14623.89,340.09046511627906,5.609767441860465
2024-02-28,Wednesday,2_daytime,28,9102.32,350.08923076923077,5.8538461538461535
2024-02-28,Wednesday,3_evening,48,17368.27,361.8389583333333,6.2129166666666675
2024-02-28,Wednesday,4_night,11,3866.58,386.658,6.726999999999999
2024-02-29,Thursday,1_morning,47,15395.28,342.11733333333336,5.664666666666666
2024-02-29,Thursday,2_daytime,34,12520.78,379.4175757575758,6.628181818181818
2024-02-29,Thursday,3_evening,43,17522.29,407.4951162790698,7.221395348837209
2024-02-29,Thursday,4_night,8,2818.55,352.31875,5.88875
2024-03-01,Friday,1_morning,38,11257.93,312.72027777777777,5.042222222222223
2024-03-01,Friday,2_daytime,27,8094.55,299.79814814814813,4.556666666666667
2024-03-01,Friday,3_evening,41,14038.3,369.428947368421,6.322105263157895
2024-03-01,Friday,4_night,10,3745.51,374.55100000000004,6.406000000000001
2024-03-02,Saturday,1_morning,45,13482.05,313.5360465116279,5.010697674418605
2024-03-02,Saturday,2_daytime,37,10991.33,333.07060606060605,5.498787878787879
2024-03-02,Saturday,3_evening,45,17612.57,400.2856818181818,7.0429545454545455
2024-03-02,Saturday,4_night,11,3827.8199999999997,347.9836363636363,5.819999999999999
2024-03-03,Sunday,1_morning,39,12338.53,342.7369444444445,5.688055555555555
2024-03-03,Sunday,2_daytime,32,11111.949999999999,370.3983333333333,6.332
2024-03-03,Sunday,3_evening,54,20861.31,393.6096226415095,6.956603773584906
2024-03-03,Sunday,4_night,10,4680.34,468.034,8.763
2024-03-04,Monday,1_morning,36,14764.39,410.1219444444444,7.224166666666666
2024-03-04,Monday,2_daytime,40,13680.03,350.77000000000004,5.878717948717949
2024-03-04,Monday,3_evening,52,23068.31,480.5897916666667,8.918958333333334
2024-03-04,Monday,4_night,23,7744.22,352.01,5.8981818181818175
2024-03-05,Tuesday,1_morning,38,10691.75,314.4632352941176,5.003529411764706
2024-03-05,Tuesday,2_daytime,32,11876.24,383.1045161290323,6.541612903225806
2024-03-05,Tuesday,3_evening,47,14242.97,309.6297826086956,4.9358695652173905
2024-03-05,Tuesday,4_night,14,5198.969999999999,371.35499999999996,6.3500000000000005
2024-03-06,Wednesday,1_morning,42,14872.74,381.3523076923077,6.621025641025642
2024-03-06,Wednesday,2_daytime,29,10576.92,364.72137931034484,6.136551724137932
2024-03-06,Wednesday,3_evening,41,13943.24,348.581,5.781000000000001
2024-03-06,Wednesday,4_night,9,3241.25,360.1388888888889,6.025555555555556
2024-03-07,Thursday,1_morning,28,8966.24,320.22285714285715,5.132142857142857
2024-03-07,Thursday,2_daytime,33,11287.04,342.0315151515152,5.642424242424242
2024-03-07,Thursday,3_evening,43,15537.14,369.9319047619048,6.290238095238095
2024-03-07,Thursday,4_night,16,6431.82,401.98875,6.98125
2024-03-08,Friday,1_morning,35,13036.93,372.4837142857143,6.373428571428572
2024-03-08,Friday,2_daytime,30,10869.64,362.3213333333333,6.136333333333334
2024-03-08,Friday,3_evening,50,18088.94,369.1620408163265,6.297551020408163
2024-03-08,Friday,4_night,15,4296.52,286.4346666666667,4.251333333333333
2024-03-09,Saturday,1_morning,31,11854.52,395.15066666666667,6.952333333333333
2024-03-09,Saturday,2_daytime,34,11236.57,351.1428125,5.9396875
2024-03-09,Saturday,3_evening,48,16651.68,361.99304347826086,6.134782608695652
2024-03-09,Saturday,4_night,15,4302.75,307.3392857142857,4.7542857142857144
2024-03-10,Sunday,1_morning,41,15232.5,411.68918918918916,7.327027027027028
2024-03-10,Sunday,2_daytime,42,15565.35,379.64268292682925,6.636097560975609
2024-03-10,Sunday,3_evening,50,17228.44,358.9258333333333,6.018958333333334
2024-03-10,Sunday,4_night,11,3635.2599999999998,330.4781818181818,5.332727272727272
2024-03-11,Monday,1_morning,37,11951.55,331.98749999999995,5.414722222222222
2024-03-11,Monday,2_daytime,28,10046.99,386.4226923076923,6.642307692307692
2024-03-11,Monday,3_evening,40,13332.23,360.33054054054054,6.124864864864865
2024-03-11,Monday,4_night,13,3167.34,287.94,4.4763636363636365
2024-03-12,Tuesday,1_morning,51,18469.61,369.3922,6.3032
2024-03-12,Tuesday,2_daytime,33,10516.26,339.2341935483871,5.56741935483871
2024-03-12,Tuesday,3_evening,53,18251.5,350.99038461538464,5.834423076923077
2024-03-12,Tuesday,4_night,11,2740.09,249.09909090909093,3.48
2024-03-13,Wednesday,1_morning,51,17202.96,344.0592,5.6846000000000005
2024-03-13,Wednesday,2_daytime,44,15905.59,369.8974418604651,6.345813953488372
2024-03-13,Wednesday,3_evening,33,10363.76,323.8675,5.3071874999999995
2024-03-13,Wednesday,4_night,13,6554.76,504.2123076923077,9.463846153846154
2024-03-14,Thursday,1_morning,34,10118.06,306.60787878787875,4.862727272727272
2024-03-14,Thursday,2_daytime,37,11623.64,332.104,5.410571428571429
2024-03-14,Thursday,3_evening,49,16474.47,350.5206382978724,5.814042553191489
2024-03-14,Thursday,4_night,9,2959.7799999999997,328.8644444444444,5.337777777777777
2024-03-15,Friday,1_morning,31,12247.619999999999,395.08451612903224,6.9067741935483875
2024-03-15,Friday,2_daytime,37,12629.04,371.4423529411765,6.398235294117647
2024-03-15,Friday,3_evening,38,12626.380000000001,341.25351351351355,5.596486486486486
2024-03-15,Friday,4_night,13,5016.3099999999995,385.86999999999995,6.773076923076923
2024-03-16,Saturday,1_morning,39,14845.98,390.6836842105263,6.885789473684211
2024-03-16,Saturday,2_daytime,41,13936.02,348.4005,5.846500000000001
2024-03-16,Saturday,3_evening,49,17835.22,371.56708333333336,6.30375
2024-03-16,Saturday,4_night,13,7085.75,545.0576923076923,10.543076923076923
2024-03-17,Sunday,1_morning,35,10987.9,323.1735294117647,5.245882352941176
2024-03-17,Sunday,2_daytime,22,9275.93,441.7109523809524,8.045714285714284
2024-03-17,Sunday,3_evening,39,13097.17,344.66236842105263,5.7573684210526315
2024-03-17,Sunday,4_night,11,3276.96,297.9054545454546,4.526363636363636
2024-03-18,Monday,1_morning,29,9554.98,329.4820689655172,5.390689655172413
2024-03-18,Monday,2_daytime,38,12589.3,340.25135135135133,5.618378378378378
2024-03-18,Monday,3_evening,44,15729.19,403.3125641025641,7.211794871794871
2024-03-18,Monday,4_night,12,4192.03,381.09363636363634,6.5590909090909095
2024-03-19,Tuesday,1_morning,49,19251.04,392.8783673469388,6.884897959183673
2024-03-19,Tuesday,2_daytime,34,11919.87,372.4959375,6.416875
2024-03-19,Tuesday,3_evening,43,12187.5,297.2560975609756,4.537560975609756
2024-03-19,Tuesday,4_night,11,4492.67,408.42454545454547,7.246363636363637
2024-03-20,Wednesday,1_morning,42,12164.699999999999,304.11749999999995,4.792
2024-03-20,Wednesday,2_daytime,24,8411.35,350.47291666666666,5.9125000000000005
2024-03-20,Wednesday,3_evening,44,12957.99,308.5235714285714,4.977619047619048
2024-03-20,Wednesday,4_night,12,4064.74,338.7283333333333,5.634166666666666
2024-03-21,Thursday,1_morning,39,13621.42,358.4584210526316,6.037105263157895
2024-03-21,Thursday,2_daytime,31,9646.45,332.63620689655176,5.3999999999999995
2024-03-21,Thursday,3_evening,60,20230.46,361.25821428571425,6.167321428571428
2024-03-21,Thursday,4_night,11,4325.21,393.2009090909091,6.697272727272727
2024-03-22,Friday,1_morning,31,8992.37,310.0817241379311,4.956896551724138
2024-03-22,Friday,2_daytime,35,10477.12,327.41,5.3959375
2024-03-22,Friday,3_evening,38,15570.79,432.52194444444444,7.815277777777778
2024-03-22,Friday,4_night,11,5131.8099999999995,466.5281818181818,8.759090909090908
2024-03-23,Saturday,1_morning,37,13933.16,387.03222222222223,6.787777777777778
2024-03-23,Saturday,2_daytime,37,11330.25,306.22297297297297,4.852702702702703
2024-03-23,Saturday,3_evening,47,13286.17,295.24822222222224,4.557333333333333
2024-03-23,Saturday,4_night,13,3960.08,330.00666666666666,5.2625
2024-03-24,Sunday,1_morning,36,12385.91,353.88314285714284,5.946
2024-03-24,Sunday,2_daytime,30,11544.89,384.82966666666664,6.802333333333333
2024-03-24,Sunday,3_evening,44,14911.85,355.0440476190476,6.032380952380953
2024-03-24,Sunday,4_night,9,3695.17,410.57444444444445,7.246666666666666
2024-03-25,Monday,1_morning,36,10982.83,313.7951428571429,4.961142857142857
2024-03-25,Monday,2_daytime,29,8063.21,298.6374074074074,4.611481481481482
2024-03-25,Monday,3_evening,43,14250.78,339.30428571428575,5.656666666666666
2024-03-25,Monday,4_night,16,6964.3,464.2866666666667,8.537333333333333
2024-03-26,Tuesday,1_morning,44,15643.89,372.4735714285714,6.40404761904762
2024-03-26,Tuesday,2_daytime,28,10582.89,391.95888888888885,6.856296296296296
2024-03-26,Tuesday,3_evening,45,14694.710000000001,333.97068181818184,5.4725
2024-03-26,Tuesday,4_night,10,5820.14,582.014,11.24
2024-03-27,Wednesday,1_morning,34,13362.86,393.0252941176471,6.8291176470588235
2024-03-27,Wednesday,2_daytime,41,14725.21,368.13025,6.247249999999999
2024-03-27,Wednesday,3_evening,51,17547.84,350.9568,5.9124
2024-03-27,Wednesday,4_night,15,3897.61,278.4007142857143,4.069999999999999
2024-03-28,Thursday,1_morning,41,12930.27,331.54538461538465,5.405641025641025
2024-03-28,Thursday,2_daytime,33,11333.54,343.4406060606061,5.714545454545455
2024-03-28,Thursday,3_evening,51,18082.59,361.6518,6.155
2024-03-28,Thursday,4_night,16,5228.76,326.7975,5.335
2024-03-29,Friday,1_morning,36,12568.79,369.6702941176471,6.397058823529412
2024-03-29,Friday,2_daytime,29,10609.05,365.82931034482755,6.213448275862069
2024-03-29,Friday,3_evening,48,17061.31,370.8980434782609,6.3621739130434785
2024-03-29,Friday,4_night,7,2808.65,401.2357142857143,6.975714285714285
2024-03-30,Saturday,1_morning,37,13380.449999999999,382.2985714285714,6.575142857142857
2024-03-30,Saturday,2_daytime,40,12108.77,318.65184210526314,5.167631578947368
2024-03-30,Saturday,3_evening,46,15783.48,358.7154545454545,6.067500000000001
2024-03-30,Saturday,4_night,10,4387.53,438.753,7.831999999999999
2024-03-31,Sunday,1_morning,38,13423.63,362.8008108108108,6.114864864864865
2024-03-31,Sunday,2_daytime,39,13209.369999999999,357.01,6.0245945945945945
2024-03-31,Sunday,3_evening,57,20613.09,374.78345454545456,6.434
2024-03-31,Sunday,4_night,11,3889.02,353.54727272727274,5.88909090909091
2024-04-01,Monday,1_morning,42,14584.8,347.25714285714287,5.839047619047619
2024-04-01,Monday,2_daytime,35,12915.22,369.0062857142857,6.2868571428571425
2024-04-01,Monday,3_evening,55,16205.130000000001,300.095,4.674074074074074
2024-04-01,Monday,4_night,10,3652.59,365.259,6.132
2024-04-02,Tuesday,1_morning,41,14588.51,355.8173170731707,6.00390243902439
2024-04-02,Tuesday,2_daytime,36,13224.39,388.9526470588235,6.86
2024-04-02,Tuesday,3_evening,50,15623.16,318.84,5.084693877551021
2024-04-02,Tuesday,4_night,13,3645.21,280.40076923076924,4.159230769230769
2024-04-03,Wednesday,1_morning,35,9906.47,283.042,4.320285714285714
2024-04-03,Wednesday,2_daytime,32,9180.460000000001,296.143870967742,4.474516129032258
2024-04-03,Wednesday,3_evening,41,15738.43,393.46075,6.881
2024-04-03,Wednesday,4_night,11,3517.5,319.77272727272725,5.107272727272727
2024-04-04,Thursday,1_morning,39,14341.48,367.7302564102564,6.305897435897436
2024-04-04,Thursday,2_daytime,32,11319.050000000001,377.3016666666667,6.5409999999999995
2024-04-04,Thursday,3_evening,53,19462.15,374.2721153846154,6.481153846153846
2024-04-04,Thursday,4_night,5,1614.13,322.826,5.39
2024-04-05,Friday,1_morning,32,12869.86,402.183125,7.0325
2024-04-05,Friday,2_daytime,33,10419.46,336.11161290322576,5.523870967741936
2024-04-05,Friday,3_evening,55,19964.95,369.7212962962963,6.425740740740741
2024-04-05,Friday,4_night,5,1160.6299999999999,290.15749999999997,4.585
2024-04-06,Saturday,1_morning,40,15776.73,394.41825,6.875
2024-04-06,Saturday,2_daytime,39,13012.07,333.6428205128205,5.482820512820513
2024-04-06,Saturday,3_evening,58,16873.03,290.9143103448276,4.5103448275862075
2024-04-06,Saturday,4_night,10,3964.42,396.442,7.0
2024-04-07,Sunday,1_morning,40,13285.710000000001,359.07324324324327,6.0608108108108105
2024-04-07,Sunday,2_daytime,29,13209.82,455.5110344827586,8.317241379310344
2024-04-07,Sunday,3_evening,58,21773.510000000002,375.40534482758625,6.4750000000000005
2024-04-07,Sunday,4_night,13,4399.87,439.98699999999997,8.026
2024-04-08,Monday,1_morning,33,11814.85,369.2140625,6.2825
2024-04-08,Monday,2_daytime,28,9032.05,322.57321428571424,5.244285714285715
2024-04-08,Monday,3_evening,49,15808.210000000001,343.6567391304348,5.689130434782609
2024-04-08,Monday,4_night,15,4962.21,354.44357142857143,5.954285714285715
2024-04-09,Tuesday,1_morning,44,15370.68,349.33363636363634,5.836363636363637
2024-04-09,Tuesday,2_daytime,45,15002.38,340.9631818181818,5.6863636363636365
2024-04-09,Tuesday,3_evening,38,14651.13,385.55605263157895,6.742368421052631
2024-04-09,Tuesday,4_night,17,4648.84,290.5525,4.547499999999999
2024-04-10,Wednesday,1_morning,41,12749.76,326.91692307692307,5.317692307692307
2024-04-10,Wednesday,2_daytime,38,13967.460000000001,367.5647368421053,6.247631578947368
2024-04-10,Wednesday,3_evening,38,11724.31,325.67527777777775,5.297777777777778
2024-04-10,Wednesday,4_night,12,5382.139999999999,489.2854545454545,9.066363636363635
2024-04-11,Thursday,1_morning,42,15949.6,379.752380952381,6.609761904761905
2024-04-11,Thursday,2_daytime,45,15192.27,337.606,5.534666666666666
2024-04-11,Thursday,3_evening,50,17435.72,355.8310204081633,5.9995918367346945
2024-04-11,Thursday,4_night,12,3849.99,320.8325,5.205
2024-04-12,Friday,1_morning,38,14952.39,393.483947368421,6.917368421052632
2024-04-12,Friday,2_daytime,28,8575.62,306.2721428571429,4.850357142857143
2024-04-12,Friday,3_evening,37,11720.69,316.7754054054054,5.0
2024-04-12,Friday,4_night,14,4746.18,339.0128571428572,5.626428571428571
2024-04-13,Saturday,1_morning,38,13324.26,370.11833333333334,6.347222222222222
2024-04-13,Saturday,2_daytime,25,9739.28,405.80333333333334,7.125416666666666
2024-04-13,Saturday,3_evening,53,16012.880000000001,320.2576,5.1418
2024-04-13,Saturday,4_night,14,4456.46,318.31857142857143,5.146428571428571
2024-04-14,Sunday,1_morning,38,15470.7,407.12368421052633,7.184736842105263
2024-04-14,Sunday,2_daytime,31,11177.07,372.569,6.383333333333334
2024-04-14,Sunday,3_evening,43,15803.0,367.51162790697674,6.259534883720931
2024-04-14,Sunday,4_night,15,5436.35,362.42333333333335,6.116
2024-04-15,Monday,1_morning,42,13465.41,336.63525,5.61
2024-04-15,Monday,2_daytime,45,16495.76,366.5724444444444,6.225111111111111
2024-04-15,Monday,3_evening,49,16813.19,350.27479166666666,5.864791666666666
2024-04-15,Monday,4_night,17,6240.53,367.09,6.278235294117647
2024-04-16,Tuesday,1_morning,43,14263.43,356.58575,5.9879999999999995
2024-04-16,Tuesday,2_daytime,36,12224.16,339.56,5.632777777777778
2024-04-16,Tuesday,3_evening,58,18153.92,318.48982456140345,5.088245614035087
2024-04-16,Tuesday,4_night,14,5360.06,412.31230769230774,7.519230769230769
2024-04-17,Wednesday,1_morning,34,10692.869999999999,324.0263636363636,5.283939393939394
2024-04-17,Wednesday,2_daytime,47,15448.15,343.2922222222222,5.646888888888889
2024-04-17,Wednesday,3_evening,47,16291.22,362.0271111111111,6.1337777777777776
2024-04-17,Wednesday,4_night,12,5893.8099999999995,535.800909090909,10.105454545454545
2024-04-18,Thursday,1_morning,34,11200.45,350.0140625,5.899375
2024-04-18,Thursday,2_daytime,27,7800.47,325.01958333333334,5.38375
2024-04-18,Thursday,3_evening,52,18790.07,368.4327450980392,6.260588235294118
2024-04-18,Thursday,4_night,17,5592.05,349.503125,5.814375
2024-04-19,Friday,1_morning,28,9324.92,345.3674074074074,5.655925925925926
2024-04-19,Friday,2_daytime,32,9686.17,302.6928125,4.7609375
2024-04-19,Friday,3_evening,52,18984.69,379.69379999999995,6.58
2024-04-19,Friday,4_night,10,3916.01,391.601,6.708
2024-04-20,Saturday,1_morning,35,12331.03,373.6675757575758,6.492121212121212
2024-04-20,Saturday,2_daytime,29,9552.86,353.8096296296296,5.970370370370371
2024-04-20,Saturday,3_evening,61,19910.61,337.4679661016949,5.550677966101695
2024-04-20,Saturday,4_night,13,4599.29,353.79153846153844,5.93076923076923
2024-04-21,Sunday,1_morning,38,13766.73,362.28236842105264,6.189473684210526
2024-04-21,Sunday,2_daytime,35,12636.36,361.0388571428572,6.097714285714286
2024-04-21,Sunday,3_evening,39,13557.25,376.59027777777777,6.516944444444444
2024-04-21,Sunday,4_night,19,7515.67,395.56157894736845,6.92421052631579
2024-04-22,Monday,1_morning,45,15191.7,345.26590909090913,5.673636363636363
2024-04-22,Monday,2_daytime,33,12241.99,394.9029032258064,6.936774193548387
2024-04-22,Monday,3_evening,63,18615.65,300.2524193548387,4.637096774193548
2024-04-22,Monday,4_night,13,5098.5199999999995,424.8766666666666,7.596666666666667
2024-04-23,Tuesday,1_morning,45,13766.6,312.8772727272727,4.944545454545454
2024-04-23,Tuesday,2_daytime,34,12617.74,407.0238709677419,7.201612903225806
2024-04-23,Tuesday,3_evening,44,14728.6,350.68095238095236,5.845714285714285
2024-04-23,Tuesday,4_night,17,4654.26,310.284,4.865333333333334
2024-04-24,Wednesday,1_morning,31,10304.55,332.4048387096774,5.480322580645161
2024-04-24,Wednesday,2_daytime,34,10687.34,314.3335294117647,5.040294117647059
2024-04-24,Wednesday,3_evening,52,18755.15,360.6759615384616,6.0521153846153855
2024-04-24,Wednesday,4_night,13,4485.74,345.05692307692306,5.711538461538462
2024-04-25,Thursday,1_morning,50,15856.75,330.3489583333333,5.366041666666667
2024-04-25,Thursday,2_daytime,34,12025.449999999999,364.4075757575757,6.244242424242424
2024-04-25,Thursday,3_evening,52,19556.14,383.45372549019606,6.6343137254901965
2024-04-25,Thursday,4_night,12,4140.86,345.07166666666666,5.7
2024-04-26,Friday,1_morning,42,13478.04,320.9057142857143,5.164047619047619
2024-04-26,Friday,2_daytime,33,9454.46,304.98258064516125,4.716129032258064
2024-04-26,Friday,3_evening,34,14270.95,419.7338235294118,7.424411764705883
2024-04-26,Friday,4_night,9,2364.59,295.57375,4.55625
2024-04-27,Saturday,1_morning,39,13038.47,352.39108108108104,5.937297297297297
2024-04-27,Saturday,2_daytime,31,9451.66,315.05533333333335,5.084333333333333
2024-04-27,Saturday,3_evening,45,16785.91,373.02022222222223,6.405555555555556
2024-04-27,Saturday,4_night,8,2141.47,267.68375,3.89625
2024-04-28,Sunday,1_morning,42,14934.51,373.36275,6.433
2024-04-28,Sunday,2_daytime,38,11986.77,342.47914285714285,5.735428571428572
2024-04-28,Sunday,3_evening,49,15801.69,329.20187500000003,5.402708333333333
2024-04-28,Sunday,4_night,17,5339.65,314.0970588235294,4.99764705882353
2024-04-29,Monday,1_morning,40,12784.95,336.446052631579,5.522631578947368
2024-04-29,Monday,2_daytime,44,17230.57,400.71093023255816,7.0341860465116275
2024-04-29,Monday,3_evening,44,15697.71,373.755,6.455238095238095
2024-04-29,Monday,4_night,9,3540.5,393.3888888888889,6.937777777777778
2024-04-30,Tuesday,1_morning,26,7780.91,311.2364,4.904
2024-04-30,Tuesday,2_daytime,30,10620.82,354.02733333333333,5.949666666666667
2024-04-30,Tuesday,3_evening,39,13460.16,345.1323076923077,5.715128205128205
2024-04-30,Tuesday,4_night,14,3937.68,302.8984615384615,4.7446153846153845
2024-05-01,Wednesday,1_morning,43,14868.97,362.65780487804875,6.206585365853659
2024-05-01,Wednesday,2_daytime,29,12249.59,437.48535714285714,7.993214285714286
2024-05-01,Wednesday,3_evening,47,13928.02,323.9074418604651,5.319302325581395
2024-05-01,Wednesday,4_night,13,4681.4,360.1076923076923,6.134615384615385
2024-05-02,Thursday,1_morning,33,11182.35,349.4484375,5.88375
2024-05-02,Thursday,2_daytime,37,12452.71,336.5597297297297,5.602972972972973
2024-05-02,Thursday,3_evening,42,13777.69,362.5707894736842,6.186578947368421
2024-05-02,Thursday,4_night,7,2064.35,294.90714285714284,4.585714285714286
2024-05-03,Friday,1_morning,66,23799.13,366.1404615384616,6.313846153846153
2024-05-03,Friday,2_daytime,35,13083.04,396.4557575757576,6.850303030303031
2024-05-03,Friday,3_evening,58,19605.78,363.07,6.1664814814814815
2024-05-03,Friday,4_night,11,3401.2400000000002,340.124,5.579
2024-05-04,Saturday,1_morning,42,13699.29,334.1290243902439,5.488780487804878
2024-05-04,Saturday,2_daytime,26,8535.55,387.9795454545454,6.796363636363637
2024-05-04,Saturday,3_evening,45,13648.69,303.3042222222222,4.747333333333334
2024-05-04,Saturday,4_night,13,3795.42,316.285,5.034166666666667
2024-05-05,Sunday,1_morning,48,13879.27,301.72326086956525,4.673478260869565
2024-05-05,Sunday,2_daytime,29,9293.18,357.43,6.010384615384615
2024-05-05,Sunday,3_evening,45,17280.54,392.73954545454546,6.920454545454546
2024-05-05,Sunday,4_night,15,5817.84,387.856,6.799333333333334
2024-05-06,Monday,1_morning,45,16570.76,394.54190476190473,6.933333333333333
2024-05-06,Monday,2_daytime,38,13291.1,359.2189189189189,5.981891891891892
2024-05-06,Monday,3_evening,57,21140.15,384.36636363636364,6.639090909090909
2024-05-06,Monday,4_night,14,3783.88,291.0676923076923,4.506153846153846
2024-05-07,Tuesday,1_morning,45,16671.69,378.90204545454543,6.552954545454545
2024-05-07,Tuesday,2_daytime,31,11562.73,398.71482758620687,6.979310344827587
2024-05-07,Tuesday,3_evening,49,17611.32,366.9025,6.300833333333333
2024-05-07,Tuesday,4_night,15,5749.48,383.29866666666663,6.738666666666666
2024-05-08,Wednesday,1_morning,49,18936.010000000002,394.5002083333334,6.932916666666666
2024-05-08,Wednesday,2_daytime,32,10125.32,349.1489655172414,5.824827586206897
2024-05-08,Wednesday,3_evening,47,17892.93,380.70063829787233,6.602978723404255
2024-05-08,Wednesday,4_night,18,6803.18,400.1870588235294,6.891176470588236
2024-05-09,Thursday,1_morning,38,14623.18,406.19944444444445,7.188611111111111
2024-05-09,Thursday,2_daytime,40,15413.15,385.32875,6.6617500000000005
2024-05-09,Thursday,3_evening,52,19373.8,387.476,6.791399999999999
2024-05-09,Thursday,4_night,14,3785.92,291.2246153846154,4.428461538461539
2024-05-10,Friday,1_morning,40,12663.89,316.59725,5.058
2024-05-10,Friday,2_daytime,35,13145.56,386.6341176470588,6.708529411764706
2024-05-10,Friday,3_evening,68,21533.06,331.27784615384616,5.383692307692308
2024-05-10,Friday,4_night,22,9200.09,418.1859090909091,7.405454545454546
2024-05-11,Saturday,1_morning,42,14049.81,360.2515384615385,6.152051282051282
2024-05-11,Saturday,2_daytime,32,11171.69,349.1153125,5.7371875
2024-05-11,Saturday,3_evening,53,17763.06,355.26120000000003,5.9772
2024-05-11,Saturday,4_night,21,7969.76,379.51238095238097,6.552380952380952
2024-05-12,Sunday,1_morning,42,16402.87,390.5445238095238,6.839285714285714
2024-05-12,Sunday,2_daytime,25,7646.11,318.5879166666667,5.099166666666666
2024-05-12,Sunday,3_evening,44,18332.03,416.63704545454544,7.489772727272728
2024-05-12,Sunday,4_night,6,1175.8,195.96666666666667,2.2716666666666665
2024-05-13,Monday,1_morning,40,15108.5,377.7125,6.503749999999999
2024-05-13,Monday,2_daytime,34,10570.0,310.88235294117646,4.852647058823529
2024-05-13,Monday,3_evening,47,15741.16,342.1991304347826,5.707173913043479
2024-05-13,Monday,4_night,18,6307.61,350.42277777777775,5.8438888888888885
2024-05-14,Tuesday,1_morning,40,14227.07,355.67674999999997,5.9315
2024-05-14,Tuesday,2_daytime,40,13638.73,349.7110256410256,5.866923076923077
2024-05-14,Tuesday,3_evening,40,11466.19,301.7418421052632,4.7094736842105265
2024-05-14,Tuesday,4_night,14,6674.139999999999,513.3953846153846,9.582307692307692
2024-05-15,Wednesday,1_morning,35,11659.65,342.9308823529412,5.750588235294118
2024-05-15,Wednesday,2_daytime,43,13594.97,331.58463414634144,5.449024390243903
2024-05-15,Wednesday,3_evening,43,18562.65,431.68953488372097,7.864883720930233
2024-05-15,Wednesday,4_night,13,4676.51,389.7091666666667,6.6625000000000005
2024-05-16,Thursday,1_morning,36,12510.73,347.5202777777778,5.793611111111111
2024-05-16,Thursday,2_daytime,34,10393.47,314.95363636363635,5.038484848484849
2024-05-16,Thursday,3_evening,62,22250.21,364.75754098360653,6.188524590163935
2024-05-16,Thursday,4_night,12,4351.78,362.6483333333333,6.141666666666667
2024-05-17,Friday,1_morning,38,12616.03,340.9737837837838,5.751081081081081
2024-05-17,Friday,2_daytime,34,12005.11,363.79121212121214,6.177272727272727
2024-05-17,Friday,3_evening,64,23232.61,380.8624590163935,6.666065573770492
2024-05-17,Friday,4_night,9,2786.44,309.6044444444444,4.963333333333334
2024-05-18,Saturday,1_morning,40,13470.11,354.4765789473684,5.947368421052632
2024-05-18,Saturday,2_daytime,46,13637.44,303.0542222222222,4.682222222222222
2024-05-18,Saturday,3_evening,41,12555.7,321.94102564102565,5.187179487179487
2024-05-18,Saturday,4_night,12,3822.59,347.5081818181818,5.865454545454545
2024-05-19,Sunday,1_morning,43,15241.69,362.89738095238096,6.167857142857143
2024-05-19,Sunday,2_daytime,33,11802.33,380.72032258064513,6.66258064516129
2024-05-19,Sunday,3_evening,48,12660.82,287.7459090909091,4.386363636363637
2024-05-19,Sunday,4_night,22,7075.5,321.6136363636364,5.249545454545454
2024-05-20,Monday,1_morning,30,9357.77,311.9256666666667,4.983333333333333
2024-05-20,Monday,2_daytime,38,11237.81,312.1613888888889,4.9336111111111105
2024-05-20,Monday,3_evening,52,22074.09,432.82529411764705,7.8262745098039215
2024-05-20,Monday,4_night,9,3183.53,353.72555555555556,5.967777777777778
2024-05-21,Tuesday,1_morning,33,10940.220000000001,352.9103225806452,5.930000000000001
2024-05-21,Tuesday,2_daytime,28,8386.33,299.51178571428574,4.5675
2024-05-21,Tuesday,3_evening,42,14542.84,346.2580952380952,5.7907142857142855
2024-05-21,Tuesday,4_night,14,4184.77,298.9121428571429,4.561428571428571
2024-05-22,Wednesday,1_morning,37,12236.67,349.61914285714283,5.903714285714286
2024-05-22,Wednesday,2_daytime,46,18382.45,417.7829545454546,7.516818181818182
2024-05-22,Wednesday,3_evening,52,20106.25,394.2401960784314,6.9811764705882355
2024-05-22,Wednesday,4_night,11,4013.99,364.9081818181818,6.179999999999999
2024-05-23,Thursday,1_morning,43,17088.52,416.79317073170733,7.3878048780487795
2024-05-23,Thursday,2_daytime,27,10070.12,372.96740740740745,6.362222222222222
2024-05-23,Thursday,3_evening,49,14353.95,292.93775510204085,4.591836734693878
2024-05-23,Thursday,4_night,14,4871.62,347.97285714285715,5.791428571428571
2024-05-24,Friday,1_morning,45,16039.49,356.4331111111111,6.042666666666667
2024-05-24,Friday,2_daytime,37,12365.7,363.69705882352946,6.3167647058823535
2024-05-24,Friday,3_evening,65,20363.79,323.2347619047619,5.208412698412698
2024-05-24,Friday,4_night,14,5238.49,374.17785714285714,6.390000000000001
2024-05-25,Saturday,1_morning,39,12726.61,343.9624324324324,5.794594594594595
2024-05-25,Saturday,2_daytime,37,11385.13,334.8567647058823,5.420588235294118
2024-05-25,Saturday,3_evening,58,20352.329999999998,350.90224137931034,5.84
2024-05-25,Saturday,4_night,16,4218.28,301.30571428571426,4.875714285714286
2024-05-26,Sunday,1_morning,36,11501.26,338.27235294117645,5.608823529411764
2024-05-26,Sunday,2_daytime,29,9462.93,337.9617857142857,5.599285714285714
2024-05-26,Sunday,3_evening,56,19531.76,398.6073469387755,7.011836734693877
2024-05-26,Sunday,4_night,9,4164.98,462.7755555555555,8.258888888888889
2024-05-27,Monday,1_morning,36,11162.73,318.93514285714286,5.152285714285715
2024-05-27,Monday,2_daytime,34,12031.57,375.9865625,6.510625
2024-05-27,Monday,3_evening,44,17298.5,411.8690476190476,7.380238095238096
2024-05-27,Monday,4_night,11,3887.06,353.3690909090909,6.0
2024-05-28,Tuesday,1_morning,40,17205.05,430.12624999999997,7.698
2024-05-28,Tuesday,2_daytime,33,9632.01,291.8790909090909,4.4781818181818185
2024-05-28,Tuesday,3_evening,36,11325.74,333.11,5.447058823529411
2024-05-28,Tuesday,4_night,5,1543.26,308.652,4.9159999999999995
2024-05-29,Wednesday,1_morning,34,12077.49,377.4215625,6.3528125
2024-05-29,Wednesday,2_daytime,32,11353.92,354.81,5.9409375
2024-05-29,Wednesday,3_evening,51,16743.11,348.8147916666667,5.850416666666667
2024-05-29,Wednesday,4_night,12,3452.6499999999996,287.7208333333333,4.363333333333333
2024-05-30,Thursday,1_morning,51,18795.51,375.9102,6.464600000000001
2024-05-30,Thursday,2_daytime,40,12812.07,337.15973684210525,5.557368421052632
2024-05-30,Thursday,3_evening,47,14597.85,324.39666666666665,5.2764444444444445
2024-05-30,Thursday,4_night,16,4548.05,324.8607142857143,5.089285714285714
2024-05-31,Friday,1_morning,42,13807.92,345.198,5.7475000000000005
2024-05-31,Friday,2_daytime,33,11561.85,350.3590909090909,5.93
2024-05-31,Friday,3_evening,36,12541.54,348.37611111111113,5.74
2024-05-31,Friday,4_night,12,4344.42,362.035,6.223333333333334
2024-06-01,Saturday,1_morning,49,17088.16,356.00333333333333,5.991666666666667
2024-06-01,Saturday,2_daytime,35,10637.23,312.85970588235296,4.988823529411765
2024-06-01,Saturday,3_evening,46,14947.57,339.7175,5.617954545454546
2024-06-01,Saturday,4_night,13,4689.15,360.70384615384614,6.232307692307692
2024-06-02,Sunday,1_morning,34,10805.83,317.8185294117647,5.017941176470589
2024-06-02,Sunday,2_daytime,25,8165.29,355.01260869565215,5.940434782608696
2024-06-02,Sunday,3_evening,50,18848.31,376.9662,6.4802
2024-06-02,Sunday,4_night,12,4254.49,425.44899999999996,7.673
2024-06-03,Monday,1_morning,44,15630.84,372.16285714285715,6.347619047619048
2024-06-03,Monday,2_daytime,22,5597.6,310.9777777777778,4.941111111111111
2024-06-03,Monday,3_evening,39,13220.8,338.99487179487176,5.657948717948718
2024-06-03,Monday,4_night,15,4674.990000000001,311.66600000000005,5.128
2024-06-04,Tuesday,1_morning,37,12910.28,358.61888888888893,6.016666666666667
2024-06-04,Tuesday,2_daytime,34,13042.42,420.72322580645164,7.57258064516129
2024-06-04,Tuesday,3_evening,54,19177.76,368.8030769230769,6.323653846153846
2024-06-04,Tuesday,4_night,10,4104.02,410.40200000000004,7.1530000000000005
2024-06-05,Wednesday,1_morning,30,9340.45,333.58750000000003,5.438571428571429
2024-06-05,Wednesday,2_daytime,23,7259.1900000000005,345.6757142857143,5.7280952380952375
2024-06-05,Wednesday,3_evening,59,20209.06,360.87607142857144,6.090357142857143
2024-06-05,Wednesday,4_night,7,1678.9099999999999,335.782,5.351999999999999
2024-06-06,Thursday,1_morning,35,11957.44,341.6411428571429,5.722571428571428
2024-06-06,Thursday,2_daytime,36,12659.27,351.6463888888889,5.900277777777777
2024-06-06,Thursday,3_evening,52,14515.01,290.3002,4.4228
2024-06-06,Thursday,4_night,15,4469.37,297.95799999999997,4.714666666666667
2024-06-07,Friday,1_morning,43,14756.68,343.1786046511628,5.707209302325581
2024-06-07,Friday,2_daytime,34,14018.6,424.8060606060606,7.585454545454545
2024-06-07,Friday,3_evening,54,18143.57,348.9148076923077,5.842692307692308
2024-06-07,Friday,4_night,15,5206.56,347.10400000000004,5.83
2024-06-08,Saturday,1_morning,42,13723.11,351.8746153846154,5.844358974358975
2024-06-08,Saturday,2_daytime,48,15982.57,340.05468085106384,5.590000000000001
2024-06-08,Saturday,3_evening,37,11601.78,313.5616216216216,5.025945945945947
2024-06-08,Saturday,4_night,7,2445.38,349.34000000000003,5.758571428571428
2024-06-09,Sunday,1_morning,41,13221.81,330.54525,5.4155
2024-06-09,Sunday,2_daytime,36,13333.92,370.38666666666666,6.340277777777778
2024-06-09,Sunday,3_evening,34,10438.95,316.3318181818182,5.073939393939394
2024-06-09,Sunday,4_night,10,4682.87,468.287,8.763
2024-06-10,Monday,1_morning,30,10775.380000000001,359.1793333333334,6.018666666666666
2024-06-10,Monday,2_daytime,39,13289.49,359.1754054054054,6.128918918918919
2024-06-10,Monday,3_evening,48,15607.14,325.14875,5.215833333333333
2024-06-10,Monday,4_night,15,3944.0099999999998,281.715,4.264285714285714
2024-06-11,Tuesday,1_morning,53,18062.41,347.35403846153844,5.699999999999999
2024-06-11,Tuesday,2_daytime,36,12678.99,352.19416666666666,5.908888888888889
2024-06-11,Tuesday,3_evening,46,15170.29,352.79744186046514,6.001860465116279
2024-06-11,Tuesday,4_night,8,3152.52,394.065,6.7725
2024-06-12,Wednesday,1_morning,34,14150.72,456.4748387096774,8.283870967741937
2024-06-12,Wednesday,2_daytime,34,9630.85,291.8439393939394,4.443636363636363
2024-06-12,Wednesday,3_evening,37,12084.81,355.4355882352941,5.973235294117647
2024-06-12,Wednesday,4_night,11,3400.5,309.1363636363636,4.818181818181818
2024-06-13,Thursday,1_morning,36,11765.8,326.8277777777778,5.200833333333333
2024-06-13,Thursday,2_daytime,29,9187.45,328.1232142857143,5.249285714285714
2024-06-13,Thursday,3_evening,40,13806.44,363.32736842105265,6.227631578947369
2024-06-13,Thursday,4_night,10,2207.91,275.98875,4.00125
2024-06-14,Friday,1_morning,48,15075.51,327.72847826086957,5.343695652173913
2024-06-14,Friday,2_daytime,23,8186.55,409.3275,7.295999999999999
2024-06-14,Friday,3_evening,34,11227.65,350.8640625,5.9234375
2024-06-14,Friday,4_night,13,5063.21,389.47769230769234,6.8015384615384615
2024-06-15,Saturday,1_morning,48,18335.55,407.45666666666665,7.190222222222222
2024-06-15,Saturday,2_daytime,42,12941.39,323.53475,5.25775
2024-06-15,Saturday,3_evening,53,19389.1,372.8673076923077,6.3925
2024-06-15,Saturday,4_night,17,5421.9400000000005,361.4626666666667,5.983333333333333
2024-06-16,Sunday,1_morning,44,15048.56,342.01272727272726,5.653636363636363
2024-06-16,Sunday,2_daytime,40,13514.16,337.854,5.5565
2024-06-16,Sunday,3_evening,55,16911.18,307.476,4.809272727272727
2024-06-16,Sunday,4_night,8,2941.67,367.70875,6.345
2024-06-17,Monday,1_morning,41,13300.52,350.0136842105263,5.872105263157895
2024-06-17,Monday,2_daytime,35,13553.44,387.24114285714285,6.710285714285714
2024-06-17,Monday,3_evening,45,14472.74,328.9259090909091,5.315681818181819
2024-06-17,Monday,4_night,16,5525.55,345.346875,5.79625
2024-06-18,Tuesday,1_morning,54,20213.01,381.3775471698113,6.623584905660378
2024-06-18,Tuesday,2_daytime,31,12612.61,406.8583870967742,7.137741935483871
2024-06-18,Tuesday,3_evening,43,18278.1,435.1928571428571,7.876190476190477
2024-06-18,Tuesday,4_night,16,4941.61,329.44066666666663,5.362
2024-06-19,Wednesday,1_morning,36,11462.27,327.4934285714286,5.358
2024-06-19,Wednesday,2_daytime,32,10481.1,349.37,5.743666666666667
2024-06-19,Wednesday,3_evening,51,17834.67,349.69941176470587,5.881960784313726
2024-06-19,Wednesday,4_night,11,3383.4,307.58181818181816,4.802727272727273
2024-06-20,Thursday,1_morning,46,14736.32,334.91636363636366,5.501363636363636
2024-06-20,Thursday,2_daytime,39,14132.04,371.89578947368426,6.324736842105263
2024-06-20,Thursday,3_evening,55,18680.43,352.4609433962264,5.911698113207547
2024-06-20,Thursday,4_night,10,2387.6,238.76,3.31
2024-06-21,Friday,1_morning,56,18968.24,344.87709090909095,5.712545454545454
2024-06-21,Friday,2_daytime,40,12576.77,330.96763157894736,5.36578947368421
2024-06-21,Friday,3_evening,46,15533.15,337.6771739130435,5.591086956521739
2024-06-21,Friday,4_night,13,4961.74,381.6723076923077,6.697692307692308
2024-06-22,Saturday,1_morning,35,12811.84,388.23757575757577,6.7739393939393935
2024-06-22,Saturday,2_daytime,29,10708.960000000001,369.2744827586207,6.4158620689655175
2024-06-22,Saturday,3_evening,56,20385.01,392.01942307692303,6.8100000000000005
2024-06-22,Saturday,4_night,9,3209.05,356.56111111111113,6.028888888888889
2024-06-23,Sunday,1_morning,39,13066.199999999999,353.1405405405405,5.937297297297297
2024-06-23,Sunday,2_daytime,28,9116.77,364.67080000000004,6.138
2024-06-23,Sunday,3_evening,57,16578.05,301.41909090909087,4.712545454545454
2024-06-23,Sunday,4_night,11,3943.0699999999997,438.1188888888889,7.735555555555556
2024-06-24,Monday,1_morning,47,14745.539999999999,320.5552173913043,5.104565217391304
2024-06-24,Monday,2_daytime,39,12371.26,334.3583783783784,5.43972972972973
2024-06-24,Monday,3_evening,61,21698.75,361.6458333333333,6.1498333333333335
2024-06-24,Monday,4_night,9,3017.3,377.1625,6.46125
2024-06-25,Tuesday,1_morning,49,18083.3,384.7510638297872,6.665319148936169
2024-06-25,Tuesday,2_daytime,26,8672.53,333.55884615384616,5.500384615384615
2024-06-25,Tuesday,3_evening,67,23588.4,362.89846153846156,6.193538461538461
2024-06-25,Tuesday,4_night,10,2268.42,226.842,2.825
2024-06-26,Wednesday,1_morning,49,19892.67,414.43062499999996,7.440625
2024-06-26,Wednesday,2_daytime,34,10752.87,336.0271875,5.5153125
2024-06-26,Wednesday,3_evening,57,19217.89,349.4161818181818,5.864909090909091
2024-06-26,Wednesday,4_night,13,5504.21,423.40076923076924,7.554615384615385
2024-06-27,Thursday,1_morning,36,12847.25,356.86805555555554,5.986666666666667
2024-06-27,Thursday,2_daytime,32,13259.49,427.7254838709677,7.678387096774194
2024-06-27,Thursday,3_evening,55,17218.13,318.85425925925927,5.07537037037037
2024-06-27,Thursday,4_night,11,3810.17,346.3790909090909,5.677272727272728
2024-06-28,Friday,1_morning,47,18342.2,390.25957446808513,6.785744680851064
2024-06-28,Friday,2_daytime,36,13808.56,406.1341176470588,7.1382352941176475
2024-06-28,Friday,3_evening,48,16795.989999999998,357.36148936170207,5.990212765957447
2024-06-28,Friday,4_night,12,4236.360000000001,353.03000000000003,5.993333333333333
2024-06-29,Saturday,1_morning,49,15835.61,344.25239130434784,5.741086956521738
2024-06-29,Saturday,2_daytime,31,9974.08,332.46933333333334,5.500333333333333
2024-06-29,Saturday,3_evening,44,10650.69,247.69046511627909,3.4458139534883716
2024-06-29,Saturday,4_night,12,4650.33,387.5275,6.7925
2024-06-30,Sunday,1_morning,29,11952.78,412.1648275862069,7.357241379310345
2024-06-30,Sunday,2_daytime,34,11157.89,348.6840625,5.8303125
2024-06-30,Sunday,3_evening,43,15853.62,368.68883720930233,6.347674418604651
2024-06-30,Sunday,4_night,14,5032.04,359.43142857142857,6.095714285714286
2024-07-01,Monday,1_morning,38,12163.58,328.7454054054054,5.337297297297297
2024-07-01,Monday,2_daytime,30,10281.14,354.52206896551724,5.971724137931035
2024-07-01,Monday,3_evening,50,17045.54,355.1154166666667,5.969166666666666
2024-07-01,Monday,4_night,8,1876.53,268.0757142857143,3.802857142857143
2024-07-02,Tuesday,1_morning,48,17697.15,368.690625,6.294999999999999
2024-07-02,Tuesday,2_daytime,40,14638.04,375.334358974359,6.475897435897436
2024-07-02,Tuesday,3_evening,51,15837.779999999999,310.5447058823529,4.917843137254902
2024-07-02,Tuesday,4_night,11,3296.59,299.69,4.568181818181818
2024-07-03,Wednesday,1_morning,41,14143.52,344.9639024390244,5.735121951219512
2024-07-03,Wednesday,2_daytime,38,12023.99,324.9727027027027,5.227297297297297
2024-07-03,Wednesday,3_evening,44,13833.73,329.3745238095238,5.354761904761905
2024-07-03,Wednesday,4_night,10,3586.3,358.63,6.038
2024-07-04,Thursday,1_morning,34,13450.71,395.6091176470588,6.903823529411764
2024-07-04,Thursday,2_daytime,32,12229.19,382.1621875,6.47875
2024-07-04,Thursday,3_evening,46,18458.64,410.192,7.341111111111112
2024-07-04,Thursday,4_night,22,6459.15,307.5785714285714,4.861428571428571
2024-07-05,Friday,1_morning,30,13064.83,466.6010714285714,8.717142857142857
2024-07-05,Friday,2_daytime,32,13288.359999999999,428.65677419354836,7.779354838709677
2024-07-05,Friday,3_evening,58,19041.92,340.03428571428566,5.575
2024-07-05,Friday,4_night,18,5287.1900000000005,311.0111764705883,4.95
2024-07-06,Saturday,1_morning,35,11604.86,331.5674285714286,5.425428571428571
2024-07-06,Saturday,2_daytime,37,14789.3,399.7108108108108,7.042432432432432
2024-07-06,Saturday,3_evening,48,16187.23,367.8915909090909,6.331590909090909
2024-07-06,Saturday,4_night,21,6759.26,337.963,5.633
2024-07-07,Sunday,1_morning,36,12375.87,343.7741666666667,5.730833333333333
2024-07-07,Sunday,2_daytime,35,10558.07,329.9396875,5.405625
2024-07-07,Sunday,3_evening,38,12508.77,338.0748648648649,5.585135135135135
2024-07-07,Sunday,4_night,11,3928.1,392.81,7.026000000000001
2024-07-08,Monday,1_morning,38,16364.56,430.64631578947365,7.769473684210527
2024-07-08,Monday,2_daytime,44,16802.36,409.81365853658536,7.278048780487804
2024-07-08,Monday,3_evening,35,13127.07,386.09029411764703,6.766470588235294
2024-07-08,Monday,4_night,13,3371.44,259.34153846153845,3.6576923076923076
2024-07-09,Tuesday,1_morning,37,12461.9,336.8081081081081,5.474324324324324
2024-07-09,Tuesday,2_daytime,33,10020.4,323.23870967741937,5.220645161290323
2024-07-09,Tuesday,3_evening,57,17706.78,316.1925,5.0925
2024-07-09,Tuesday,4_night,10,2961.13,329.01444444444445,5.271111111111112
2024-07-10,Wednesday,1_morning,49,17797.85,370.7885416666666,6.355833333333333
2024-07-10,Wednesday,2_daytime,36,10599.77,302.8505714285714,4.769428571428572
2024-07-10,Wednesday,3_evening,58,18993.420000000002,339.1682142857143,5.573214285714286
2024-07-10,Wednesday,4_night,17,7193.28,423.1341176470588,7.434117647058823
2024-07-11,Thursday,1_morning,44,14016.61,325.96767441860464,5.283953488372093
2024-07-11,Thursday,2_daytime,36,11876.18,359.8842424242424,6.086363636363636
2024-07-11,Thursday,3_evening,58,18992.74,333.2059649122807,5.414385964912281
2024-07-11,Thursday,4_night,9,4123.63,515.45375,9.8
2024-07-12,Friday,1_morning,54,18570.329999999998,350.3835849056603,5.811509433962264
2024-07-12,Friday,2_daytime,34,11290.19,342.1269696969697,5.640606060606061
2024-07-12,Friday,3_evening,50,13098.44,272.88416666666666,3.9716666666666662
2024-07-12,Friday,4_night,16,4488.93,299.262,4.739999999999999
2024-07-13,Saturday,1_morning,27,6841.33,310.9695454545454,4.9763636363636365
2024-07-13,Saturday,2_daytime,27,9347.52,346.20444444444445,5.739629629629629
2024-07-13,Saturday,3_evening,56,14757.15,301.16632653061225,4.665510204081633
2024-07-13,Saturday,4_night,5,1979.64,395.928,7.014
2024-07-14,Sunday,1_morning,43,16118.23,393.12756097560975,6.8358536585365846
2024-07-14,Sunday,2_daytime,39,12691.91,325.4335897435897,5.303333333333334
2024-07-14,Sunday,3_evening,60,20402.03,357.93035087719295,6.004736842105263
2024-07-14,Sunday,4_night,10,2652.2799999999997,294.69777777777773,4.430000000000001
2024-07-15,Monday,1_morning,42,13902.59,331.01404761904763,5.371428571428571
2024-07-15,Monday,2_daytime,39,11155.0,301.4864864864865,4.712432432432433
2024-07-15,Monday,3_evening,43,13372.82,310.9958139534884,4.9872093023255815
2024-07-15,Monday,4_night,12,3899.0499999999997,354.4590909090909,6.075454545454545
2024-07-16,Tuesday,1_morning,29,8551.32,305.4042857142857,4.736785714285714
2024-07-16,Tuesday,2_daytime,32,11111.220000000001,370.374,6.527333333333333
2024-07-16,Tuesday,3_evening,43,12785.66,311.8453658536585,4.922439024390243
2024-07-16,Tuesday,4_night,15,6261.21,417.414,7.533333333333333
2024-07-17,Wednesday,1_morning,35,14506.17,426.6520588235294,7.651470588235293
2024-07-17,Wednesday,2_daytime,30,9049.72,312.05931034482757,4.89551724137931
2024-07-17,Wednesday,3_evening,39,13887.25,375.3310810810811,6.411351351351351
2024-07-17,Wednesday,4_night,17,5926.12,370.3825,6.4262500000000005
2024-07-18,Thursday,1_morning,34,10746.48,316.0729411764706,5.013235294117647
2024-07-18,Thursday,2_daytime,36,11842.85,328.96805555555557,5.358888888888889
2024-07-18,Thursday,3_evening,50,17795.19,355.9038,6.0412
2024-07-18,Thursday,4_night,8,2551.7799999999997,318.97249999999997,5.11375
2024-07-19,Friday,1_morning,30,11679.2,389.3066666666667,6.766333333333334
2024-07-19,Friday,2_daytime,39,11977.84,323.7254054054054,5.1386486486486485
2024-07-19,Friday,3_evening,53,17089.77,335.09352941176473,5.562941176470588
2024-07-19,Friday,4_night,15,5484.17,365.61133333333333,6.228
2024-07-20,Saturday,1_morning,35,10892.23,311.2065714285714,4.8748571428571426
2024-07-20,Saturday,2_daytime,40,14716.17,377.3376923076923,6.507948717948718
2024-07-20,Saturday,3_evening,44,14781.75,343.76162790697674,5.689302325581395
2024-07-20,Saturday,4_night,13,3523.33,271.0253846153846,4.039230769230769
2024-07-21,Sunday,1_morning,36,14553.94,428.0570588235294,7.7429411764705875
2024-07-21,Sunday,2_daytime,32,10374.27,324.1959375,5.255625
2024-07-21,Sunday,3_evening,39,11492.44,294.6779487179487,4.542051282051282
2024-07-21,Sunday,4_night,8,3727.61,465.95125,8.725
2024-07-22,Monday,1_morning,39,12721.88,334.7863157894737,5.551842105263158
2024-07-22,Monday,2_daytime,33,12100.12,390.32645161290327,6.7454838709677425
2024-07-22,Monday,3_evening,51,20154.74,403.0948,7.1138
2024-07-22,Monday,4_night,10,3787.42,378.742,6.751
2024-07-23,Tuesday,1_morning,40,17063.74,449.04578947368424,8.241052631578947
2024-07-23,Tuesday,2_daytime,36,12246.77,349.9077142857143,5.852857142857142
2024-07-23,Tuesday,3_evening,62,18434.87,312.4554237288135,4.972203389830509
2024-07-23,Tuesday,4_night,17,6454.91,379.7005882352941,6.445294117647059
2024-07-24,Wednesday,1_morning,34,11603.94,362.623125,6.1975
2024-07-24,Wednesday,2_daytime,39,13477.04,354.6589473684211,5.997105263157894
2024-07-24,Wednesday,3_evening,46,15012.85,341.20113636363635,5.709772727272727
2024-07-24,Wednesday,4_night,13,3584.17,298.68083333333334,4.655833333333333
2024-07-25,Thursday,1_morning,46,14201.67,315.5926666666667,5.045555555555556
2024-07-25,Thursday,2_daytime,30,9922.91,330.76366666666667,5.376333333333333
2024-07-25,Thursday,3_evening,44,15378.75,366.1607142857143,6.130238095238096
2024-07-25,Thursday,4_night,16,5102.47,318.904375,5.164375
2024-07-26,Friday,1_morning,52,16366.99,327.33979999999997,5.2934
2024-07-26,Friday,2_daytime,34,10578.33,311.12735294117647,4.921176470588235
2024-07-26,Friday,3_evening,48,14844.34,309.25708333333336,4.87125
2024-07-26,Friday,4_night,12,3510.12,292.51,4.441666666666666
2024-07-27,Saturday,1_morning,47,16820.45,365.66195652173917,6.186739130434782
2024-07-27,Saturday,2_daytime,33,11808.4,369.0125,6.2665625
2024-07-27,Saturday,3_evening,42,13250.26,315.48238095238094,5.042380952380952
2024-07-27,Saturday,4_night,8,2325.52,387.58666666666664,6.665
2024-07-28,Sunday,1_morning,38,13079.53,344.1981578947369,5.691842105263158
2024-07-28,Sunday,2_daytime,27,10391.5,384.8703703703704,6.633333333333333
2024-07-28,Sunday,3_evening,43,16654.74,416.36850000000004,7.40475
2024-07-28,Sunday,4_night,9,3860.48,428.9422222222222,7.862222222222223
2024-07-29,Monday,1_morning,39,13235.8,357.7243243243243,6.104324324324325
2024-07-29,Monday,2_daytime,30,10104.59,348.4341379310345,5.79551724137931
2024-07-29,Monday,3_evening,60,21501.76,358.36266666666666,5.982333333333333
2024-07-29,Monday,4_night,9,3871.7599999999998,430.19555555555553,7.664444444444445
2024-07-30,Tuesday,1_morning,50,17129.87,342.5974,5.67
2024-07-30,Tuesday,2_daytime,24,8454.1,367.5695652173913,6.393478260869564
2024-07-30,Tuesday,3_evening,45,16178.77,376.2504651162791,6.485116279069768
2024-07-30,Tuesday,4_night,5,1759.7,351.94,5.83
2024-07-31,Wednesday,1_morning,32,8521.41,274.8841935483871,4.07
2024-07-31,Wednesday,2_daytime,44,12823.63,305.3245238095238,4.747619047619048
2024-07-31,Wednesday,3_evening,43,12962.64,324.066,5.2402500000000005
2024-07-31,Wednesday,4_night,12,4946.49,412.2075,7.345
2024-08-01,Thursday,1_morning,41,14123.67,362.1453846153846,6.105128205128205
2024-08-01,Thursday,2_daytime,26,8487.59,326.44576923076926,5.341923076923076
2024-08-01,Thursday,3_evening,52,15096.77,296.0150980392157,4.526666666666666
2024-08-01,Thursday,4_night,9,2578.41,286.49,4.233333333333333
2024-08-02,Friday,1_morning,54,19105.8,374.6235294117647,6.425490196078431
2024-08-02,Friday,2_daytime,32,11919.15,384.48870967741937,6.686774193548387
2024-08-02,Friday,3_evening,44,15369.9,384.2475,6.6385000000000005
2024-08-02,Friday,4_night,12,6804.05,567.0041666666667,11.015833333333333
2024-08-03,Saturday,1_morning,35,10512.54,309.1923529411765,4.955588235294118
2024-08-03,Saturday,2_daytime,36,11540.34,329.724,5.397142857142858
2024-08-03,Saturday,3_evening,40,13149.28,346.03368421052636,5.701578947368421
2024-08-03,Saturday,4_night,10,3265.88,326.588,5.447
2024-08-04,Sunday,1_morning,37,15243.84,411.99567567567567,7.281351351351352
2024-08-04,Sunday,2_daytime,39,13825.960000000001,373.6745945945946,6.533243243243243
2024-08-04,Sunday,3_evening,55,18992.13,358.34207547169814,6.134716981132075
2024-08-04,Sunday,4_night,11,3816.68,381.668,6.558
2024-08-05,Monday,1_morning,47,18857.28,401.2187234042553,7.1036170212765954
2024-08-05,Monday,2_daytime,33,11556.3,361.134375,6.053125
2024-08-05,Monday,3_evening,45,15589.73,362.55186046511625,6.170465116279069
2024-08-05,Monday,4_night,18,5453.92,363.5946666666667,6.266
2024-08-06,Tuesday,1_morning,49,22790.46,474.80125,8.782083333333334
2024-08-06,Tuesday,2_daytime,39,12872.96,338.7621052631579,5.610526315789474
2024-08-06,Tuesday,3_evening,34,11161.27,372.0423333333334,6.456333333333333
2024-08-06,Tuesday,4_night,11,3833.44,383.344,6.669
2024-08-07,Wednesday,1_morning,36,13578.64,377.1844444444444,6.53
2024-08-07,Wednesday,2_daytime,27,9472.99,378.9196,6.6112
2024-08-07,Wednesday,3_evening,39,12224.83,313.4571794871795,5.005641025641026
2024-08-07,Wednesday,4_night,10,4418.28,441.828,8.022
2024-08-08,Thursday,1_morning,47,16629.64,353.82212765957445,5.9955319148936175
2024-08-08,Thursday,2_daytime,32,9793.38,326.44599999999997,5.33
2024-08-08,Thursday,3_evening,47,15545.31,353.3025,5.910227272727273
2024-08-08,Thursday,4_night,12,4732.46,430.2236363636364,7.7718181818181815
2024-08-09,Friday,1_morning,40,13633.53,368.4737837837838,6.300540540540541
2024-08-09,Friday,2_daytime,42,14825.59,361.599756097561,6.115121951219512
2024-08-09,Friday,3_evening,52,18742.44,382.49877551020404,6.580816326530612
2024-08-09,Friday,4_night,11,3320.17,332.017,5.551
2024-08-10,Saturday,1_morning,40,14094.8,370.9157894736842,6.343947368421053
2024-08-10,Saturday,2_daytime,30,8391.54,299.6978571428572,4.629642857142857
2024-08-10,Saturday,3_evening,51,19092.52,406.223829787234,7.260000000000001
2024-08-10,Saturday,4_night,9,2578.77,368.3957142857143,6.402857142857143
2024-08-11,Sunday,1_morning,45,14931.89,339.3611363636364,5.652045454545455
2024-08-11,Sunday,2_daytime,39,12877.32,338.87684210526317,5.599473684210526
2024-08-11,Sunday,3_evening,45,12003.98,272.81772727272727,4.034545454545455
2024-08-11,Sunday,4_night,10,3976.79,397.679,6.981
2024-08-12,Monday,1_morning,42,15173.87,379.34675000000004,6.565
2024-08-12,Monday,2_daytime,36,11162.4,318.92571428571426,5.115428571428571
2024-08-12,Monday,3_evening,61,21740.84,356.4072131147541,5.985737704918033
2024-08-12,Monday,4_night,15,5005.54,333.7026666666667,5.505333333333334
2024-08-13,Tuesday,1_morning,36,12723.61,410.4390322580645,7.363225806451613
2024-08-13,Tuesday,2_daytime,37,11993.81,342.6802857142857,5.640285714285715
2024-08-13,Tuesday,3_evening,50,17559.13,351.18260000000004,5.8092
2024-08-13,Tuesday,4_night,15,4600.97,306.73133333333334,4.842
2024-08-14,Wednesday,1_morning,44,12393.92,309.848,4.9145
2024-08-14,Wednesday,2_daytime,46,16770.920000000002,381.15727272727275,6.591590909090908
2024-08-14,Wednesday,3_evening,45,14101.16,327.9339534883721,5.382790697674419
2024-08-14,Wednesday,4_night,11,3828.75,382.875,6.676
2024-08-15,Thursday,1_morning,56,17507.47,336.68211538461543,5.550961538461538
2024-08-15,Thursday,2_daytime,36,14133.72,403.8205714285714,7.089428571428571
2024-08-15,Thursday,3_evening,58,20879.24,372.84357142857147,6.420892857142857
2024-08-15,Thursday,4_night,14,4289.83,329.98692307692306,5.296923076923077
2024-08-16,Friday,1_morning,38,12984.67,381.9020588235294,6.615588235294118
2024-08-16,Friday,2_daytime,28,11059.75,409.6203703703704,7.272592592592593
2024-08-16,Friday,3_evening,51,19433.97,388.67940000000004,6.6858
2024-08-16,Friday,4_night,7,3315.58,473.6542857142857,8.668571428571429
2024-08-17,Saturday,1_morning,35,14629.97,443.3324242424242,8.066969696969696
2024-08-17,Saturday,2_daytime,43,14056.18,334.6709523809524,5.492619047619048
2024-08-17,Saturday,3_evening,44,13798.34,363.1142105263158,6.201315789473685
2024-08-17,Saturday,4_night,11,4655.14,465.514,8.677000000000001
2024-08-18,Sunday,1_morning,38,13606.3,377.9527777777778,6.494722222222222
2024-08-18,Sunday,2_daytime,34,12556.74,380.5072727272727,6.609393939393939
2024-08-18,Sunday,3_evening,49,18142.58,370.2567346938776,6.285714285714286
2024-08-18,Sunday,4_night,11,4673.71,424.88272727272727,7.819090909090909
2024-08-19,Monday,1_morning,34,11748.91,356.02757575757573,5.997575757575758
2024-08-19,Monday,2_daytime,40,13245.09,331.12725,5.3445
2024-08-19,Monday,3_evening,57,18214.23,325.25410714285715,5.310892857142858
2024-08-19,Monday,4_night,8,2126.73,354.455,5.988333333333333
2024-08-20,Tuesday,1_morning,42,16346.95,389.21309523809526,6.8152380952380955
2024-08-20,Tuesday,2_daytime,35,14356.76,410.19314285714285,7.232
2024-08-20,Tuesday,3_evening,36,12590.34,381.5254545454545,6.528181818181818
2024-08-20,Tuesday,4_night,16,6921.79,432.611875,7.93875
2024-08-21,Wednesday,1_morning,40,15111.38,397.6678947368421,6.9036842105263165
2024-08-21,Wednesday,2_daytime,35,11517.97,349.0293939393939,5.885151515151516
2024-08-21,Wednesday,3_evening,42,15096.44,377.411,6.558249999999999
2024-08-21,Wednesday,4_night,5,1620.69,324.13800000000003,5.292
2024-08-22,Thursday,1_morning,40,13632.76,340.819,5.58825
2024-08-22,Thursday,2_daytime,30,9091.04,313.4841379310345,4.85448275862069
2024-08-22,Thursday,3_evening,45,14016.27,311.47266666666667,4.883333333333334
2024-08-22,Thursday,4_night,16,5628.22,351.76375,5.949375
2024-08-23,Friday,1_morning,41,13717.47,334.57243902439023,5.386585365853659
2024-08-23,Friday,2_daytime,41,11504.960000000001,287.624,4.40175
2024-08-23,Friday,3_evening,44,14255.24,323.9827272727273,5.181818181818182
2024-08-23,Friday,4_night,9,4604.08,511.56444444444446,9.677777777777777
2024-08-24,Saturday,1_morning,48,14284.11,303.9172340425532,4.854042553191489
2024-08-24,Saturday,2_daytime,40,13223.46,330.5865,5.41125
2024-08-24,Saturday,3_evening,40,13377.05,352.02763157894736,5.926578947368421
2024-08-24,Saturday,4_night,12,4634.21,386.18416666666667,6.729166666666667
2024-08-25,Sunday,1_morning,45,15200.289999999999,361.91166666666663,6.11095238095238
2024-08-25,Sunday,2_daytime,31,10697.44,345.0787096774194,5.85258064516129
2024-08-25,Sunday,3_evening,57,18227.81,331.4147272727273,5.4523636363636365
2024-08-25,Sunday,4_night,14,4616.610000000001,329.7578571428572,5.362857142857143
2024-08-26,Monday,1_morning,37,12375.01,334.45972972972976,5.64972972972973
2024-08-26,Monday,2_daytime,33,11954.89,362.2693939393939,6.086363636363636
2024-08-26,Monday,3_evening,37,10534.68,319.2327272727273,5.192424242424242
2024-08-26,Monday,4_night,10,3317.47,331.74699999999996,5.439
2024-08-27,Tuesday,1_morning,49,18110.43,369.60061224489795,6.367142857142857
2024-08-27,Tuesday,2_daytime,26,8992.68,345.8723076923077,5.81076923076923
2024-08-27,Tuesday,3_evening,53,18244.05,344.227358490566,5.730943396226415
2024-08-27,Tuesday,4_night,11,4118.46,411.846,7.319
2024-08-28,Wednesday,1_morning,43,17538.65,407.8755813953489,7.148837209302325
2024-08-28,Wednesday,2_daytime,28,9726.06,374.0792307692308,6.459615384615384
2024-08-28,Wednesday,3_evening,40,13962.9,358.0230769230769,6.0407692307692304
2024-08-28,Wednesday,4_night,16,5013.5,334.23333333333335,5.503333333333333
2024-08-29,Thursday,1_morning,35,12912.039999999999,368.91542857142855,6.251142857142857
2024-08-29,Thursday,2_daytime,35,11807.51,347.27970588235297,5.7570588235294125
2024-08-29,Thursday,3_evening,50,16446.93,342.644375,5.683958333333333
2024-08-29,Thursday,4_night,13,3895.0699999999997,299.6207692307692,4.573076923076924
2024-08-30,Friday,1_morning,37,13323.59,360.097027027027,6.034864864864865
2024-08-30,Friday,2_daytime,34,11965.11,373.9096875,6.4146875
2024-08-30,Friday,3_evening,46,16768.52,381.1027272727273,6.685454545454545
2024-08-30,Friday,4_night,13,5113.8099999999995,393.36999999999995,6.907692307692307
2024-08-31,Saturday,1_morning,35,13031.95,394.9075757575758,6.908484848484848
2024-08-31,Saturday,2_daytime,18,5373.29,335.830625,5.506875
2024-08-31,Saturday,3_evening,48,17397.31,362.44395833333334,6.1187499999999995
2024-08-31,Saturday,4_night,8,3153.26,394.1575,6.84
2024-09-01,Sunday,1_morning,41,14087.61,370.7265789473684,6.365263157894737
2024-09-01,Sunday,2_daytime,40,12756.01,335.68447368421056,5.476842105263158
2024-09-01,Sunday,3_evening,53,15945.19,306.63826923076925,4.874807692307693
2024-09-01,Sunday,4_night,9,2584.85,323.10625,5.355
2024-09-02,Monday,1_morning,53,19657.08,393.14160000000004,6.8591999999999995
2024-09-02,Monday,2_daytime,33,10399.75,324.9921875,5.295
2024-09-02,Monday,3_evening,50,16144.2,336.33750000000003,5.525833333333334
2024-09-02,Monday,4_night,11,2839.11,283.911,4.362
2024-09-03,Tuesday,1_morning,28,9856.62,379.1007692307693,6.577307692307693
2024-09-03,Tuesday,2_daytime,32,12634.630000000001,407.5687096774194,7.193870967741935
2024-09-03,Tuesday,3_evening,56,17860.66,336.9935849056604,5.531132075471698
2024-09-03,Tuesday,4_night,11,3467.98,315.2709090909091,5.050909090909091
2024-09-04,Wednesday,1_morning,50,16269.539999999999,353.685652173913,5.9245652173913035
2024-09-04,Wednesday,2_daytime,39,12855.08,338.2915789473684,5.58
2024-09-04,Wednesday,3_evening,40,13631.46,349.52461538461534,5.824871794871795
2024-09-04,Wednesday,4_night,11,4584.62,416.78363636363633,7.445454545454546
2024-09-05,Thursday,1_morning,57,21870.170000000002,383.68719298245617,6.6798245614035086
2024-09-05,Thursday,2_daytime,38,12340.92,342.80333333333334,5.682222222222222
2024-09-05,Thursday,3_evening,41,15219.56,380.489,6.544
2024-09-05,Thursday,4_night,15,4108.29,293.44928571428574,4.501428571428571
2024-09-06,Friday,1_morning,56,20045.51,364.46381818181817,6.214727272727273
2024-09-06,Friday,2_daytime,36,12100.12,378.12875,6.544375
2024-09-06,Friday,3_evening,48,16588.44,345.5925,5.780833333333334
2024-09-06,Friday,4_night,12,3179.97,289.0881818181818,4.556363636363637
2024-09-07,Saturday,1_morning,38,11784.53,318.50081081081083,5.150810810810811
2024-09-07,Saturday,2_daytime,27,10040.039999999999,371.8533333333333,6.343333333333334
2024-09-07,Saturday,3_evening,53,17419.77,355.50551020408165,6.017755102040816
2024-09-07,Saturday,4_night,7,3800.41,542.9157142857142,10.432857142857143
2024-09-08,Sunday,1_morning,31,8505.18,293.2820689655172,4.568965517241379
2024-09-08,Sunday,2_daytime,39,12346.79,333.69702702702705,5.397567567567568
2024-09-08,Sunday,3_evening,44,15905.35,387.93536585365854,6.752195121951219
2024-09-08,Sunday,4_night,10,3989.55,398.95500000000004,7.127
2024-09-09,Monday,1_morning,42,15834.380000000001,377.00904761904764,6.591190476190476
2024-09-09,Monday,2_daytime,45,14317.71,357.94275,6.1137500000000005
2024-09-09,Monday,3_evening,63,19235.79,320.5965,5.110666666666666
2024-09-09,Monday,4_night,14,5131.32,394.7169230769231,6.9592307692307696
2024-09-10,Tuesday,1_morning,48,16086.44,357.47644444444444,6.044666666666666
2024-09-10,Tuesday,2_daytime,28,10937.24,390.61571428571426,6.835357142857142
2024-09-10,Tuesday,3_evening,51,19962.14,391.41450980392153,6.86313725490196
2024-09-10,Tuesday,4_night,19,6312.36,332.2294736842105,5.378947368421053
2024-09-11,Wednesday,1_morning,51,20484.79,426.76645833333333,7.7129166666666675
2024-09-11,Wednesday,2_daytime,37,12708.08,343.46162162162165,5.697837837837838
2024-09-11,Wednesday,3_evening,47,14062.48,305.70608695652174,4.795434782608695
2024-09-11,Wednesday,4_night,7,2384.04,397.34,7.158333333333334
2024-09-12,Thursday,1_morning,40,13547.54,356.5142105263158,6.037894736842105
2024-09-12,Thursday,2_daytime,30,8474.42,292.22137931034484,4.502068965517242
2024-09-12,Thursday,3_evening,65,22283.8,359.416129032258,6.106290322580645
2024-09-12,Thursday,4_night,10,2575.86,257.586,3.728
2024-09-13,Friday,1_morning,36,15214.05,422.61249999999995,7.6561111111111115
2024-09-13,Friday,2_daytime,35,14588.64,442.08,8.13939393939394
2024-09-13,Friday,3_evening,44,15736.05,383.8060975609756,6.677560975609755
2024-09-13,Friday,4_night,6,1888.92,377.784,6.465999999999999
2024-09-14,Saturday,1_morning,38,12614.050000000001,340.9202702702703,5.712972972972973
2024-09-14,Saturday,2_daytime,28,7511.1900000000005,300.4476,4.7428
2024-09-14,Saturday,3_evening,55,19892.829999999998,382.55442307692306,6.613461538461538
2024-09-14,Saturday,4_night,9,3295.96,366.21777777777777,6.318888888888889
2024-09-15,Sunday,1_morning,47,17450.18,379.3517391304348,6.54304347826087
2024-09-15,Sunday,2_daytime,22,6681.43,318.16333333333336,5.101428571428571
2024-09-15,Sunday,3_evening,42,13370.28,326.10439024390246,5.31609756097561
2024-09-15,Sunday,4_night,12,3982.64,362.0581818181818,6.113636363636363
2024-09-16,Monday,1_morning,45,14230.37,323.4175,5.263863636363636
2024-09-16,Monday,2_daytime,30,10934.789999999999,377.061724137931,6.5024137931034485
2024-09-16,Monday,3_evening,41,17284.010000000002,432.1002500000001,7.805
2024-09-16,Monday,4_night,11,3147.36,286.12363636363636,4.322727272727272
2024-09-17,Tuesday,1_morning,44,14926.18,355.3852380952381,5.953095238095238
2024-09-17,Tuesday,2_daytime,30,9404.58,313.486,4.930000000000001
2024-09-17,Tuesday,3_evening,46,16656.88,370.1528888888889,6.412222222222223
2024-09-17,Tuesday,4_night,6,2291.87,381.9783333333333,6.853333333333333
2024-09-18,Wednesday,1_morning,39,13663.47,369.28297297297297,6.294864864864865
2024-09-18,Wednesday,2_daytime,39,11338.34,306.4416216216216,4.787567567567567
2024-09-18,Wednesday,3_evening,55,22998.51,433.9341509433962,7.822452830188679
2024-09-18,Wednesday,4_night,19,5091.32,299.4894117647059,4.695294117647059
2024-09-19,Thursday,1_morning,33,10552.25,363.87068965517244,6.160344827586207
2024-09-19,Thursday,2_daytime,36,11612.69,331.79114285714286,5.4068571428571435
2024-09-19,Thursday,3_evening,39,13527.23,365.6008108108108,6.239189189189189
2024-09-19,Thursday,4_night,8,2088.54,298.36285714285714,4.771428571428571
2024-09-20,Friday,1_morning,44,14524.42,337.77720930232556,5.6000000000000005
2024-09-20,Friday,2_daytime,39,11502.8,294.9435897435897,4.5087179487179485
2024-09-20,Friday,3_evening,42,15039.94,375.99850000000004,6.468000000000001
2024-09-20,Friday,4_night,8,2611.16,326.395,5.37625
2024-09-21,Saturday,1_morning,32,11552.26,361.008125,6.05375
2024-09-21,Saturday,2_daytime,24,9912.67,413.02791666666667,7.22125
2024-09-21,Saturday,3_evening,44,17283.71,392.8115909090909,6.848636363636363
2024-09-21,Saturday,4_night,10,4273.44,427.34399999999994,7.728
2024-09-22,Sunday,1_morning,36,12348.16,343.00444444444446,5.715833333333333
2024-09-22,Sunday,2_daytime,36,16239.380000000001,463.98228571428575,8.496857142857143
2024-09-22,Sunday,3_evening,49,17535.96,373.1055319148936,6.439787234042553
2024-09-22,Sunday,4_night,8,2464.48,308.06,4.90875
2024-09-23,Monday,1_morning,39,13723.61,351.8874358974359,5.902820512820513
2024-09-23,Monday,2_daytime,30,10672.74,368.0255172413793,6.255862068965518
2024-09-23,Monday,3_evening,44,13982.37,325.1713953488372,5.275581395348837
2024-09-23,Monday,4_night,13,4969.15,414.0958333333333,7.444166666666667
2024-09-24,Tuesday,1_morning,53,19101.920000000002,367.3446153846154,6.25
2024-09-24,Tuesday,2_daytime,32,11176.03,360.5170967741936,6.035483870967742
2024-09-24,Tuesday,3_evening,43,15314.68,356.1553488372093,6.040930232558139
2024-09-24,Tuesday,4_night,12,3390.85,339.085,5.747
2024-09-25,Wednesday,1_morning,53,16203.83,330.6904081632653,5.418163265306123
2024-09-25,Wednesday,2_daytime,33,10868.53,339.6415625,5.5649999999999995
2024-09-25,Wednesday,3_evening,51,18803.19,383.7385714285714,6.648979591836735
2024-09-25,Wednesday,4_night,11,3009.6,273.59999999999997,4.046363636363636
2024-09-26,Thursday,1_morning,33,11359.33,366.43,6.269677419354839
2024-09-26,Thursday,2_daytime,43,15323.24,373.73756097560977,6.367317073170732
2024-09-26,Thursday,3_evening,49,15322.68,312.70775510204084,4.919795918367347
2024-09-26,Thursday,4_night,9,2890.02,321.11333333333334,5.047777777777778
2024-09-27,Friday,1_morning,41,12164.04,304.101,4.7445
2024-09-27,Friday,2_daytime,30,11450.53,408.94750000000005,7.3496428571428565
2024-09-27,Friday,3_evening,59,22243.25,404.4227272727273,7.151272727272727
2024-09-27,Friday,4_night,9,3913.64,434.8488888888889,7.852222222222222
2024-09-28,Saturday,1_morning,38,12805.26,346.0881081081081,5.7481081081081085
2024-09-28,Saturday,2_daytime,33,10829.67,328.1718181818182,5.331212121212121
2024-09-28,Saturday,3_evening,62,23751.99,389.3768852459017,6.872459016393442
2024-09-28,Saturday,4_night,12,4837.29,403.1075,7.024166666666667
2024-09-29,Sunday,1_morning,30,8830.24,327.0459259259259,5.342592592592593
2024-09-29,Sunday,2_daytime,37,13443.93,395.40970588235297,6.984705882352941
2024-09-29,Sunday,3_evening,59,22719.05,385.0686440677966,6.7164406779661014
2024-09-29,Sunday,4_night,14,4756.09,339.7207142857143,5.7057142857142855
2024-09-30,Monday,1_morning,30,9613.91,320.46366666666665,5.157333333333333
2024-09-30,Monday,2_daytime,40,14977.619999999999,384.04153846153844,6.611282051282051
2024-09-30,Monday,3_evening,41,17512.37,427.1309756097561,7.739268292682927
2024-09-30,Monday,4_night,6,1367.94,227.99,2.9516666666666667
2024-10-01,Tuesday,1_morning,31,11167.96,372.26533333333333,6.426333333333333
2024-10-01,Tuesday,2_daytime,31,9495.81,316.527,5.035
2024-10-01,Tuesday,3_evening,50,18295.18,389.2591489361702,6.788297872340426
2024-10-01,Tuesday,4_night,12,2827.9,282.79,4.3100000000000005
2024-10-02,Wednesday,1_morning,43,13438.68,319.9685714285714,5.067380952380953
2024-10-02,Wednesday,2_daytime,30,9171.85,305.72833333333335,4.820333333333334
2024-10-02,Wednesday,3_evening,49,18005.77,391.4297826086957,6.897608695652174
2024-10-02,Wednesday,4_night,11,4456.96,405.1781818181818,7.159090909090909
2024-10-03,Thursday,1_morning,40,14999.1,384.5923076923077,6.783846153846154
2024-10-03,Thursday,2_daytime,28,9838.66,364.3948148148148,6.2188888888888885
2024-10-03,Thursday,3_evening,47,16354.58,355.53434782608696,6.006739130434783
2024-10-03,Thursday,4_night,7,1624.8,232.1142857142857,3.182857142857143
2024-10-04,Friday,1_morning,39,13713.56,360.8831578947368,6.092894736842105
2024-10-04,Friday,2_daytime,25,7493.99,325.82565217391306,5.317391304347826
2024-10-04,Friday,3_evening,51,19711.23,394.2246,6.8398
2024-10-04,Friday,4_night,12,3946.12,358.73818181818183,6.084545454545455
2024-10-05,Saturday,1_morning,37,11310.33,305.6845945945946,4.773513513513514
2024-10-05,Saturday,2_daytime,28,10682.65,381.5232142857143,6.679285714285713
2024-10-05,Saturday,3_evening,49,15305.130000000001,325.64106382978724,5.352978723404255
2024-10-05,Saturday,4_night,15,6156.73,410.4486666666666,7.231333333333334
2024-10-06,Sunday,1_morning,33,10755.26,325.9169696969697,5.281818181818182
2024-10-06,Sunday,2_daytime,35,11873.05,339.22999999999996,5.541714285714286
2024-10-06,Sunday,3_evening,40,15138.11,378.45275000000004,6.602500000000001
2024-10-06,Sunday,4_night,18,5947.68,330.4266666666667,5.426666666666666
2024-10-07,Monday,1_morning,35,11076.86,325.79,5.307941176470588
2024-10-07,Monday,2_daytime,31,11799.7,421.41785714285714,7.416071428571429
2024-10-07,Monday,3_evening,46,14925.13,339.2075,5.635909090909091
2024-10-07,Monday,4_night,8,2261.22,282.6525,4.25625
2024-10-08,Tuesday,1_morning,28,9287.63,357.21653846153845,6.089615384615385
2024-10-08,Tuesday,2_daytime,31,10253.95,341.79833333333335,5.695333333333333
2024-10-08,Tuesday,3_evening,42,15470.51,377.32951219512194,6.449024390243903
2024-10-08,Tuesday,4_night,7,1681.99,336.398,5.446
2024-10-09,Wednesday,1_morning,37,10998.7,305.51944444444445,4.843333333333333
2024-10-09,Wednesday,2_daytime,29,10072.27,359.7239285714286,6.111785714285714
2024-10-09,Wednesday,3_evening,45,17129.73,398.3658139534884,7.014883720930232
2024-10-09,Wednesday,4_night,15,4656.74,310.4493333333333,4.8293333333333335
2024-10-10,Thursday,1_morning,29,10072.13,359.71892857142853,6.07
2024-10-10,Thursday,2_daytime,29,9520.24,328.2841379310345,5.349310344827586
2024-10-10,Thursday,3_evening,53,17935.53,351.67705882352936,5.908823529411765
2024-10-10,Thursday,4_night,11,4016.84,365.16727272727275,6.314545454545454
2024-10-11,Friday,1_morning,36,12946.949999999999,369.9128571428571,6.299428571428571
2024-10-11,Friday,2_daytime,33,11522.06,349.1533333333333,5.858787878787879
2024-10-11,Friday,3_evening,51,17488.43,349.7686,5.8612
2024-10-11,Friday,4_night,15,5635.11,375.674,6.472666666666667
2024-10-12,Saturday,1_morning,45,15138.38,352.0553488372093,5.926976744186047
2024-10-12,Saturday,2_daytime,30,8697.35,289.9116666666667,4.500333333333333
2024-10-12,Saturday,3_evening,60,19275.72,350.46763636363636,5.918
2024-10-12,Saturday,4_night,11,3867.86,351.62363636363636,5.920909090909091
2024-10-13,Sunday,1_morning,44,14668.29,341.12302325581396,5.60860465116279
2024-10-13,Sunday,2_daytime,33,13662.2,426.94375,7.6115625
2024-10-13,Sunday,3_evening,48,14757.94,307.45708333333334,4.739166666666667
2024-10-13,Sunday,4_night,12,3548.31,322.57363636363635,5.199090909090909
2024-10-14,Monday,1_morning,39,13918.32,376.1708108108108,6.47054054054054
2024-10-14,Monday,2_daytime,38,13693.33,360.3507894736842,6.121052631578947
2024-10-14,Monday,3_evening,43,13572.58,331.0385365853659,5.384146341463414
2024-10-14,Monday,4_night,11,3288.25,298.9318181818182,4.708181818181818
2024-10-15,Tuesday,1_morning,37,13707.09,370.4618918918919,6.348918918918919
2024-10-15,Tuesday,2_daytime,42,13263.99,340.1023076923077,5.654871794871795
2024-10-15,Tuesday,3_evening,44,16842.29,382.7793181818182,6.680454545454546
2024-10-15,Tuesday,4_night,9,2116.21,235.13444444444445,3.324444444444444
2024-10-16,Wednesday,1_morning,44,14381.07,350.7578048780488,5.873170731707317
2024-10-16,Wednesday,2_daytime,44,16171.52,385.0361904761905,6.615476190476191
2024-10-16,Wednesday,3_evening,51,18109.47,369.5810204081633,6.317959183673469
2024-10-16,Wednesday,4_night,6,1899.1,316.51666666666665,5.07
2024-10-17,Thursday,1_morning,38,12032.85,325.21216216216214,5.21972972972973
2024-10-17,Thursday,2_daytime,49,15684.89,348.5531111111111,5.776888888888888
2024-10-17,Thursday,3_evening,38,13527.3,355.9815789473684,6.066052631578947
2024-10-17,Thursday,4_night,10,3993.4700000000003,399.34700000000004,6.859
2024-10-18,Friday,1_morning,37,11799.289999999999,347.03794117647055,5.715
2024-10-18,Friday,2_daytime,37,13362.71,361.1543243243243,6.069459459459459
2024-10-18,Friday,3_evening,46,14853.98,345.4413953488372,5.7118604651162785
2024-10-18,Friday,4_night,15,4588.56,327.75428571428574,5.343571428571429
2024-10-19,Saturday,1_morning,32,11851.45,370.3578125,6.2928125
2024-10-19,Saturday,2_daytime,40,12621.69,332.14973684210526,5.447368421052632
2024-10-19,Saturday,3_evening,61,22189.82,376.0986440677966,6.393559322033898
2024-10-19,Saturday,4_night,11,3929.23,357.20272727272726,6.0227272727272725
2024-10-20,Sunday,1_morning,43,14245.58,331.2925581395349,5.435348837209302
2024-10-20,Sunday,2_daytime,35,11163.77,328.34617647058826,5.408529411764706
2024-10-20,Sunday,3_evening,55,18731.6,346.88148148148144,5.81537037037037
2024-10-20,Sunday,4_night,12,4965.47,413.7891666666667,7.564166666666668
2024-10-21,Monday,1_morning,48,15850.14,360.2304545454545,6.136590909090909
2024-10-21,Monday,2_daytime,26,9868.24,379.5476923076923,6.619230769230769
2024-10-21,Monday,3_evening,43,14038.09,342.3924390243902,5.653658536585366
2024-10-21,Monday,4_night,13,4397.24,338.24923076923073,5.4715384615384615
2024-10-22,Tuesday,1_morning,36,13537.91,386.79742857142855,6.734571428571429
2024-10-22,Tuesday,2_daytime,36,13777.42,382.7061111111111,6.646944444444444
2024-10-22,Tuesday,3_evening,45,12902.06,322.5515,5.2125
2024-10-22,Tuesday,4_night,7,2828.49,404.07,7.354285714285715
2024-10-23,Wednesday,1_morning,34,10564.869999999999,340.8022580645161,5.6819354838709675
2024-10-23,Wednesday,2_daytime,25,10107.44,421.1433333333334,7.514166666666667
2024-10-23,Wednesday,3_evening,49,15978.65,332.88854166666664,5.4245833333333335
2024-10-23,Wednesday,4_night,16,4060.65,270.71,3.9633333333333334
2024-10-24,Thursday,1_morning,43,15408.38,366.86619047619047,6.292142857142856
2024-10-24,Thursday,2_daytime,33,12381.57,375.1990909090909,6.468484848484849
2024-10-24,Thursday,3_evening,46,17334.3,376.83260869565214,6.5128260869565215
2024-10-24,Thursday,4_night,10,3788.04,378.804,6.468999999999999
2024-10-25,Friday,1_morning,48,16369.54,348.288085106383,5.83531914893617
2024-10-25,Friday,2_daytime,39,14436.710000000001,370.1720512820513,6.361538461538461
2024-10-25,Friday,3_evening,54,19556.74,368.99509433962265,6.303584905660377
2024-10-25,Friday,4_night,8,2367.2,338.1714285714285,5.491428571428571
2024-10-26,Saturday,1_morning,30,13470.34,464.4944827586207,8.55793103448276
2024-10-26,Saturday,2_daytime,18,6554.5199999999995,364.14,6.194444444444445
2024-10-26,Saturday,3_evening,43,14503.34,362.5835,6.15775
2024-10-26,Saturday,4_night,20,6984.89,349.2445,5.824
2024-10-27,Sunday,1_morning,34,10056.42,335.214,5.4863333333333335
2024-10-27,Sunday,2_daytime,30,10009.59,345.158275862069,5.693103448275862
2024-10-27,Sunday,3_evening,50,16805.6,342.97142857142853,5.717551020408163
2024-10-27,Sunday,4_night,6,971.54,194.308,2.192
2024-10-28,Monday,1_morning,30,10140.300000000001,362.15357142857147,6.263214285714286
2024-10-28,Monday,2_daytime,34,10741.35,335.6671875,5.4690625
2024-10-28,Monday,3_evening,53,20880.65,393.97452830188683,6.873018867924528
2024-10-28,Monday,4_night,6,2526.5699999999997,421.09499999999997,7.601666666666667
2024-10-29,Tuesday,1_morning,34,15195.65,446.9308823529412,8.166176470588235
2024-10-29,Tuesday,2_daytime,31,9445.81,337.35035714285715,5.5725
2024-10-29,Tuesday,3_evening,50,18152.17,378.1702083333333,6.46875
2024-10-29,Tuesday,4_night,9,3571.45,446.43125,8.105
2024-10-30,Wednesday,1_morning,30,9418.27,324.7679310344828,5.293448275862069
2024-10-30,Wednesday,2_daytime,26,11347.24,436.4323076923077,7.935769230769231
2024-10-30,Wednesday,3_evening,43,15528.43,378.7421951219512,6.537560975609757
2024-10-30,Wednesday,4_night,17,5431.01,319.47117647058826,5.175882352941176
2024-10-31,Thursday,1_morning,46,16563.91,368.0868888888889,6.364
2024-10-31,Thursday,2_daytime,26,9820.79,392.83160000000004,6.8224
2024-10-31,Thursday,3_evening,43,14095.24,343.7863414634146,5.755365853658536
2024-10-31,Thursday,4_night,7,2532.5099999999998,361.78714285714284,6.034285714285715
2024-11-01,Friday,1_morning,35,11585.54,351.07696969696974,5.904242424242424
2024-11-01,Friday,2_daytime,24,9798.89,408.2870833333333,7.270833333333333
2024-11-01,Friday,3_evening,58,21058.31,369.4440350877193,6.354736842105264
2024-11-01,Friday,4_night,11,3809.87,346.35181818181815,5.887272727272728
2024-11-02,Saturday,1_morning,48,13902.55,323.31511627906974,5.2372093023255815
2024-11-02,Saturday,2_daytime,41,14530.71,354.4075609756097,6.033414634146341
2024-11-02,Saturday,3_evening,41,14359.52,350.23219512195124,5.919756097560976
2024-11-02,Saturday,4_night,10,3829.51,382.951,6.673
2024-11-03,Sunday,1_morning,36,11621.300000000001,341.8029411764706,5.651764705882353
2024-11-03,Sunday,2_daytime,32,9160.7,315.88620689655176,5.079655172413793
2024-11-03,Sunday,3_evening,49,16579.77,360.4297826086957,6.1019565217391305
2024-11-03,Sunday,4_night,8,2670.94,333.8675,5.495
2024-11-04,Monday,1_morning,29,10367.99,370.28535714285715,6.2524999999999995
2024-11-04,Monday,2_daytime,33,12322.310000000001,397.493870967742,7.063548387096774
2024-11-04,Monday,3_evening,47,14486.1,314.91521739130434,5.007826086956522
2024-11-04,Monday,4_night,10,2966.29,296.629,4.531000000000001
2024-11-05,Tuesday,1_morning,47,17098.6,371.7086956521739,6.374130434782608
2024-11-05,Tuesday,2_daytime,26,7774.25,323.9270833333333,5.191666666666666
2024-11-05,Tuesday,3_evening,55,19312.38,364.3845283018868,6.238867924528303
2024-11-05,Tuesday,4_night,8,3353.4900000000002,419.18625000000003,7.45625
2024-11-06,Wednesday,1_morning,50,16937.52,338.7504,5.5924000000000005
2024-11-06,Wednesday,2_daytime,44,16732.36,380.2809090909091,6.603409090909091
2024-11-06,Wednesday,3_evening,57,18198.12,337.0022222222222,5.461296296296297
2024-11-06,Wednesday,4_night,11,3824.34,347.66727272727275,5.873636363636364
2024-11-07,Thursday,1_morning,42,15418.73,367.11261904761903,6.247619047619047
2024-11-07,Thursday,2_daytime,32,10737.69,346.37709677419355,5.796129032258064
2024-11-07,Thursday,3_evening,44,15243.64,354.5032558139535,5.953720930232558
2024-11-07,Thursday,4_night,4,1254.94,313.735,4.8575
2024-11-08,Friday,1_morning,38,11795.35,318.79324324324324,5.046216216216217
2024-11-08,Friday,2_daytime,42,11870.23,296.75575,4.51975
2024-11-08,Friday,3_evening,50,19487.16,405.9825,7.245
2024-11-08,Friday,4_night,9,3329.01,416.12625,7.53625
2024-11-09,Saturday,1_morning,43,16736.0,389.2093023255814,6.756744186046512
2024-11-09,Saturday,2_daytime,30,8447.63,324.9088461538461,5.273846153846154
2024-11-09,Saturday,3_evening,36,11896.82,360.50969696969696,6.076363636363637
2024-11-09,Saturday,4_night,12,4308.51,391.6827272727273,6.801818181818181
2024-11-10,Sunday,1_morning,45,16113.26,366.2104545454545,6.245681818181819
2024-11-10,Sunday,2_daytime,33,9893.02,309.156875,4.835
2024-11-10,Sunday,3_evening,61,21566.98,359.44966666666664,6.109833333333333
2024-11-10,Sunday,4_night,9,3276.16,364.0177777777778,6.226666666666667
2024-11-11,Monday,1_morning,42,13431.03,327.58609756097565,5.31780487804878
2024-11-11,Monday,2_daytime,44,13188.41,306.70720930232557,4.762093023255814
2024-11-11,Monday,3_evening,67,23271.79,352.6028787878788,5.930909090909091
2024-11-11,Monday,4_night,15,6300.67,420.04466666666667,7.482
2024-11-12,Tuesday,1_morning,31,10913.6,363.7866666666667,6.103666666666666
2024-11-12,Tuesday,2_daytime,24,9695.880000000001,403.99500000000006,7.109999999999999
2024-11-12,Tuesday,3_evening,46,15319.93,340.4428888888889,5.611555555555555
2024-11-12,Tuesday,4_night,16,5458.86,363.924,6.242
2024-11-13,Wednesday,1_morning,43,16681.55,387.94302325581396,6.692325581395348
2024-11-13,Wednesday,2_daytime,29,9116.08,325.57428571428574,5.343214285714287
2024-11-13,Wednesday,3_evening,64,23747.39,389.30147540983603,6.773114754098361
2024-11-13,Wednesday,4_night,16,4779.75,298.734375,4.590625
2024-11-14,Thursday,1_morning,37,14062.25,380.06081081081084,6.647837837837838
2024-11-14,Thursday,2_daytime,36,10461.18,290.58833333333337,4.454444444444444
2024-11-14,Thursday,3_evening,62,22376.77,366.83229508196723,6.307049180327869
2024-11-14,Thursday,4_night,8,2436.05,348.00714285714287,5.792857142857144
2024-11-15,Friday,1_morning,33,10444.039999999999,348.13466666666665,5.783666666666666
2024-11-15,Friday,2_daytime,29,9254.32,330.51142857142855,5.454285714285715
2024-11-15,Friday,3_evening,49,18012.01,383.23425531914893,6.620851063829788
2024-11-15,Friday,4_night,12,3756.81,313.0675,4.925833333333333
2024-11-16,Saturday,1_morning,37,14743.28,409.53555555555556,7.303055555555556
2024-11-16,Saturday,2_daytime,27,8622.83,319.3640740740741,5.152222222222222
2024-11-16,Saturday,3_evening,57,18825.239999999998,336.16499999999996,5.501964285714286
2024-11-16,Saturday,4_night,15,5202.79,400.2146153846154,6.978461538461539
2024-11-17,Sunday,1_morning,38,13135.28,345.66526315789474,5.793157894736842
2024-11-17,Sunday,2_daytime,29,11239.05,416.26111111111106,7.4725925925925925
2024-11-17,Sunday,3_evening,53,17494.14,357.0232653061224,6.027959183673469
2024-11-17,Sunday,4_night,13,5268.47,405.2669230769231,7.248461538461537
2024-11-18,Monday,1_morning,42,12673.76,316.844,5.11775
2024-11-18,Monday,2_daytime,29,9560.05,329.6568965517241,5.374827586206897
2024-11-18,Monday,3_evening,53,16349.32,326.9864,5.2272
2024-11-18,Monday,4_night,13,3998.34,333.195,5.434166666666667
2024-11-19,Tuesday,1_morning,46,13324.67,317.25404761904764,5.096190476190476
2024-11-19,Tuesday,2_daytime,25,8364.48,348.52,5.765000000000001
2024-11-19,Tuesday,3_evening,51,17032.34,362.3902127659575,6.1242553191489355
2024-11-19,Tuesday,4_night,14,4742.8,364.83076923076925,6.224615384615385
2024-11-20,Wednesday,1_morning,44,15493.42,360.31209302325584,6.086744186046512
2024-11-20,Wednesday,2_daytime,40,13939.87,348.49675,5.8845
2024-11-20,Wednesday,3_evening,43,15358.359999999999,357.1711627906976,5.97953488372093
2024-11-20,Wednesday,4_night,20,5294.24,294.1244444444444,4.687777777777778
2024-11-21,Thursday,1_morning,34,9462.53,286.74333333333334,4.2715151515151515
2024-11-21,Thursday,2_daytime,37,14338.84,398.30111111111114,6.958611111111111
2024-11-21,Thursday,3_evening,59,21863.21,397.5129090909091,6.924909090909091
2024-11-21,Thursday,4_night,9,3224.44,403.055,7.14625
2024-11-22,Friday,1_morning,35,12419.36,376.34424242424245,6.535151515151515
2024-11-22,Friday,2_daytime,37,11572.9,330.6542857142857,5.3351428571428565
2024-11-22,Friday,3_evening,54,20887.24,401.6776923076923,7.123846153846154
2024-11-22,Friday,4_night,12,4394.07,366.17249999999996,6.041666666666667
2024-11-23,Saturday,1_morning,55,16814.11,305.7110909090909,4.797818181818181
2024-11-23,Saturday,2_daytime,51,16650.66,339.809387755102,5.610612244897959
2024-11-23,Saturday,3_evening,46,15572.630000000001,353.9234090909091,5.904545454545455
2024-11-23,Saturday,4_night,10,2907.8500000000004,323.0944444444445,5.154444444444445
2024-11-24,Sunday,1_morning,44,15386.73,357.8309302325581,6.053255813953489
2024-11-24,Sunday,2_daytime,38,11461.83,358.1821875,6.0778125
2024-11-24,Sunday,3_evening,42,12273.69,299.35829268292684,4.697317073170732
2024-11-24,Sunday,4_night,11,3383.04,307.5490909090909,4.8554545454545455
2024-11-25,Monday,1_morning,38,14050.64,369.7536842105263,6.376315789473685
2024-11-25,Monday,2_daytime,38,12630.53,350.84805555555556,5.7988888888888885
2024-11-25,Monday,3_evening,56,18592.03,344.29685185185184,5.7683333333333335
2024-11-25,Monday,4_night,11,6280.01,628.001,12.462
2024-11-26,Tuesday,1_morning,32,11621.02,363.156875,6.0784375
2024-11-26,Tuesday,2_daytime,30,10317.36,368.4771428571429,6.2375
2024-11-26,Tuesday,3_evening,57,19058.26,346.5138181818182,5.7629090909090905
2024-11-26,Tuesday,4_night,19,6544.62,344.4536842105263,5.766315789473684
2024-11-27,Wednesday,1_morning,33,11378.31,355.5721875,6.0409375
2024-11-27,Wednesday,2_daytime,36,11808.41,328.01138888888886,5.338333333333334
2024-11-27,Wednesday,3_evening,52,19095.38,374.4192156862745,6.455882352941177
2024-11-27,Wednesday,4_night,9,2212.46,245.82888888888888,3.213333333333333
2024-11-28,Thursday,1_morning,39,14441.51,401.15305555555557,7.016388888888889
2024-11-28,Thursday,2_daytime,39,11837.56,311.51473684210526,4.982631578947369
2024-11-28,Thursday,3_evening,52,18010.48,346.3553846153846,5.726538461538461
2024-11-28,Thursday,4_night,13,5561.57,427.8130769230769,7.613846153846154
2024-11-29,Friday,1_morning,46,16779.25,381.34659090909093,6.569999999999999
2024-11-29,Friday,2_daytime,35,11455.26,336.9194117647059,5.514411764705883
2024-11-29,Friday,3_evening,56,19829.16,374.13509433962264,6.508490566037736
2024-11-29,Friday,4_night,10,2391.45,265.71666666666664,3.8333333333333335
2024-11-30,Saturday,1_morning,40,15396.369999999999,384.90925,6.72575
2024-11-30,Saturday,2_daytime,31,10159.4,327.72258064516126,5.369354838709677
2024-11-30,Saturday,3_evening,50,15521.61,337.4263043478261,5.529565217391305
2024-11-30,Saturday,4_night,13,3456.41,288.03416666666664,4.428333333333334
2024-12-01,Sunday,1_morning,44,14227.79,330.87883720930233,5.367906976744186
2024-12-01,Sunday,2_daytime,40,14194.43,354.86075,5.93125
2024-12-01,Sunday,3_evening,47,18559.31,403.46326086956526,7.124130434782608
2024-12-01,Sunday,4_night,16,5543.7699999999995,369.58466666666664,6.376666666666667
